timer_ms,sample,energy,flag
429,10387,11821,0
438,9629,11381,0
448,8764,10856,0
457,8938,10471,0
467,8017,9979,0
476,7854,9553,0
486,7800,9202,0
495,6701,8701,0
505,6623,8284,0
514,6187,7864,0
524,5816,7454,0
533,5958,7154,0
543,5636,6850,0
552,5595,6599,0
562,4963,6271,0
571,4656,5947,0
581,4780,5713,0
590,4012,5372,0
600,3851,5067,0
609,4009,4854,0
619,3894,4661,0
628,3342,4396,0
638,3013,4118,0
647,2513,3796,0
657,2326,3501,0
666,2120,3224,0
676,2065,2992,0
685,2260,2845,0
695,1570,2590,0
705,1292,2330,0
714,973,2058,0
724,542,1754,0
733,753,1553,0
743,699,1381,0
752,85,1121,0
762,82,912,0
771,-272,783,0
781,-268,679,0
790,-704,683,0
800,-1102,766,0
809,-738,759,0
819,-1350,877,0
828,-1015,904,0
838,-1225,968,0
847,-1208,1015,0
857,-1497,1111,0
866,-2097,1307,0
876,-2090,1463,0
885,-2379,1645,0
895,-2229,1761,0
904,-2351,1878,0
914,-2409,1983,0
923,-2710,2128,0
933,-2346,2171,0
942,-2648,2265,0
952,-2700,2352,0
961,-3194,2519,0
971,-2960,2607,0
980,-3097,2704,0
990,-3107,2784,0
999,-3805,2988,0
1009,-3279,3045,0
1018,-3700,3176,0
1028,-4189,3377,0
1037,-3950,3491,0
1047,-3946,3581,0
1056,-4470,3758,0
1066,-4297,3865,0
1075,-4141,3920,0
1085,-4224,3980,0
1095,-4252,4034,0
1104,-4266,4080,0
1114,-4702,4204,0
1123,-4466,4256,0
1133,-4559,4315,0
1142,-4902,4432,0
1152,-4881,4521,0
1161,-4704,4556,0
1171,-4990,4642,0
1180,-4989,4710,0
1190,-4872,4742,0
1199,-5389,4870,0
1209,-5368,4969,0
1218,-5161,5007,0
1228,-5155,5036,0
1237,-5391,5106,0
1247,-5368,5157,0
1256,-5509,5226,0
1266,-5647,5309,0
1275,-5474,5341,0
1285,-5482,5368,0
1294,-5704,5434,0
1304,-5611,5469,0
1313,-5892,5553,0
1323,-5588,5559,0
1332,-5674,5581,0
1342,-6057,5675,0
1351,-5892,5718,0
1361,-6162,5806,0
1370,-6103,5864,0
1380,-6016,5894,0
1389,-6115,5938,0
1399,-6118,5973,0
1408,-6127,6003,0
1418,-6338,6069,0
1427,-6038,6062,0
1437,-5741,5997,0
1446,-6212,6039,0
1456,-6168,6064,0
1466,-6195,6090,0
1475,-5880,6048,0
1485,-6186,6075,0
1494,-5827,6025,0
1504,-6241,6068,0
1513,-6483,6150,0
1523,-5878,6095,0
1532,-6312,6138,0
1542,-6198,6149,0
1551,-5797,6078,0
1561,-6076,6077,0
1570,-6207,6102,0
1580,-5771,6035,0
1589,-6376,6103,0
1599,-6208,6123,0
1608,-6174,6132,0
1618,-6189,6142,0
1627,-6598,6232,0
1637,-6893,6363,0
1646,-6638,6417,0
1656,-6106,6354,0
1665,-6511,6385,0
1675,-6262,6360,0
1684,-5998,6287,0
1694,-6340,6297,0
1703,-6124,6261,0
1713,-6149,6237,0
1722,-6106,6210,0
1732,-6423,6252,0
1741,-5942,6189,0
1751,-5852,6121,0
1760,-5962,6088,0
1770,-5960,6062,0
1779,-6426,6134,0
1789,-6301,6167,0
1798,-6191,6171,0
1808,-6344,6204,0
1817,-6074,6177,0
1827,-5733,6087,0
1836,-6446,6158,0
1846,-6257,6177,0
1856,-6081,6157,0
1865,-6148,6154,0
1875,-6323,6187,0
1884,-5959,6140,0
1894,-5877,6087,0
1903,-5873,6043,0
1913,-6027,6039,0
1922,-5850,6001,0
1932,-6956,6191,0
1941,-6481,6248,0
1951,-6238,6245,0
1960,-6272,6250,0
1970,-5810,6162,0
1979,-6168,6162,0
1989,-6211,6171,0
1998,-6111,6158,0
2008,-6036,6133,0
2017,-6151,6136,0
2027,-6010,6110,0
2036,-5705,6029,0
2046,-5946,6012,0
2055,-5744,5957,0
2065,-5765,5918,0
2074,-5690,5872,0
2084,-5505,5798,0
2093,-5593,5756,0
2103,-5619,5727,0
2112,-5406,5662,0
2122,-5674,5663,0
2131,-5843,5698,0
2141,-5479,5653,0
2150,-5973,5716,0
2160,-5215,5615,0
2169,-5682,5628,0
2179,-5681,5638,0
2188,-5552,5620,0
2198,-5440,5584,0
2207,-5848,5636,0
2217,-5650,5638,0
2227,-5435,5597,0
2236,-5799,5636,0
2246,-5566,5621,0
2255,-5758,5647,0
2265,-5259,5568,0
2274,-5712,5596,0
2284,-5991,5674,0
2293,-5405,5620,0
2303,-5647,5625,0
2312,-5462,5592,0
2322,-5246,5522,0
2331,-5521,5521,0
2341,-5631,5542,0
2350,-5612,5555,0
2360,-5359,5515,0
2369,-5296,5471,0
2379,-5447,5465,0
2388,-5395,5451,0
2398,-5380,5436,0
2407,-5547,5457,0
2417,-5447,5454,0
2426,-5471,5457,0
2436,-5513,5467,0
2445,-5305,5434,0
2455,-5704,5487,0
2464,-5249,5438,0
2474,-4696,5289,0
2483,-5120,5255,0
2493,-4818,5167,0
2502,-4773,5087,0
2512,-4755,5020,0
2521,-4685,4953,0
2531,-5151,4992,0
2540,-4917,4976,0
2550,-4816,4943,0
2559,-5013,4956,0
2569,-4993,4962,0
2578,-4856,4940,0
2588,-4755,4903,0
2598,-4475,4817,0
2607,-4864,4825,0
2617,-4623,4784,0
2626,-4607,4748,0
2636,-4665,4731,0
2645,-4547,4693,0
2655,-4402,4634,0
2664,-4723,4651,0
2674,-4215,4563,0
2683,-4709,4591,0
2693,-4279,4527,0
2702,-4509,4522,0
2712,-4644,4545,0
2721,-4578,4551,0
2731,-4789,4597,0
2740,-5055,4688,0
2750,-4479,4645,0
2759,-4026,4521,0
2769,-4723,4560,0
2778,-4509,4549,0
2788,-4772,4593,0
2797,-4976,4669,0
2807,-4051,4545,0
2816,-4474,4530,0
2826,-4145,4453,0
2835,-3718,4305,0
2845,-4271,4298,0
2854,-4265,4291,0
2864,-3895,4211,0
2873,-3739,4115,0
2883,-4100,4112,0
2892,-3955,4080,0
2902,-3853,4034,0
2911,-4209,4068,0
2921,-3787,4011,0
2930,-4054,4018,0
2940,-3873,3988,0
2949,-4247,4039,0
2959,-3657,3962,0
2968,-3978,3964,0
2978,-4242,4019,0
2988,-4026,4020,0
2997,-3841,3984,0
3007,-4461,4079,0
3016,-3928,4048,0
3026,-3570,3952,0
3035,-3878,3936,0
3045,-4060,3960,0
3054,-3633,3894,0
3064,-3818,3878,0
3073,-3834,3868,0
3083,-3242,3742,0
3092,-3803,3753,0
3102,-3527,3707,0
3111,-3605,3686,0
3121,-3336,3615,0
3130,-3683,3628,0
3140,-3424,3586,0
3149,-3620,3592,0
3159,-3353,3543,0
3168,-3860,3606,0
3178,-3522,3588,0
3187,-3584,3586,0
3197,-3344,3536,0
3206,-3631,3554,0
3216,-3366,3516,0
3225,-3183,3448,0
3235,-3403,3438,0
3244,-3465,3443,0
3254,-2857,3325,0
3263,-3082,3276,0
3273,-3504,3320,0
3282,-2836,3223,0
3292,-3285,3235,0
3301,-3302,3248,0
3311,-3089,3215,0
3320,-2689,3109,0
3330,-3143,3115,0
3339,-3355,3163,0
3349,-3042,3138,0
3359,-3262,3162,0
3368,-3133,3155,0
3378,-3135,3151,0
3387,-3369,3193,0
3397,-3316,3217,0
3406,-3585,3290,0
3416,-3365,3305,0
3425,-3160,3276,0
3435,-3100,3240,0
3444,-3404,3272,0
3454,-3330,3283,0
3463,-3289,3283,0
3473,-3148,3255,0
3482,-3328,3269,0
3492,-3409,3296,0
3501,-2645,3165,0
3511,-2797,3091,0
3520,-2747,3021,0
3530,-2579,2931,0
3539,-2828,2909,0
3549,-2669,2860,0
3558,-2505,2789,0
3568,-2690,2769,0
3577,-2294,2673,0
3587,-2264,2590,0
3596,-3110,2694,0
3606,-2462,2647,0
3615,-2361,2589,0
3625,-2709,2612,0
3634,-2325,2554,0
3644,-2431,2529,0
3653,-2560,2535,0
3663,-2633,2554,0
3672,-2597,2562,0
3682,-2844,2617,0
3691,-2649,2622,0
3701,-2529,2602,0
3710,-2422,2565,0
3710,-2785,2910,0
3720,-2827,2893,0
3730,-2410,2796,0
3739,-2575,2751,0
3749,-2418,2683,0
3758,-2457,2637,0
3768,-2590,2627,0
3777,-2513,2603,0
3787,-2324,2546,0
3796,-2592,2554,0
3806,-2621,2567,0
3815,-2205,2494,0
3825,-2559,2506,0
3834,-2426,2489,0
3844,-2445,2480,0
3853,-2330,2450,0
3863,-2120,2384,0
3872,-2543,2415,0
3882,-2962,2524,0
3891,-2195,2458,0
3901,-2380,2442,0
3910,-2080,2369,0
3920,-1503,2195,0
3929,-2107,2177,0
3939,-2416,2224,0
3948,-2213,2221,0
3958,-2411,2258,0
3967,-2116,2229,0
3977,-2173,2217,0
3986,-2284,2229,0
3996,-2326,2248,0
4005,-1976,2193,0
4015,-2292,2212,0
4024,-2174,2203,0
4034,-2207,2203,0
4043,-2019,2165,0
4053,-1914,2114,0
4062,-2088,2108,0
4072,-1761,2038,0
4081,-2098,2049,0
4091,-2133,2065,0
4100,-2086,2069,0
4110,-2005,2056,0
4120,-2096,2063,0
4129,-1799,2009,0
4139,-2002,2007,0
4148,-1569,1918,0
4158,-1623,1858,0
4167,-1704,1826,0
4177,-1755,1811,0
4186,-1934,1834,0
4196,-1948,1856,0
4205,-1630,1810,0
4215,-1637,1775,0
4224,-1524,1724,0
4234,-1650,1709,0
4243,-1717,1710,0
4253,-1752,1718,0
4262,-1909,1755,0
4272,-1021,1608,0
4281,-1727,1631,0
4291,-1720,1648,0
4300,-1785,1675,0
4310,-2080,1756,0
4319,-1623,1728,0
4329,-1586,1699,0
4338,-1968,1752,0
4348,-1768,1754,0
4357,-1805,1764,0
4367,-2351,1881,0
4376,-2105,1925,0
4386,-1838,1907,0
4395,-2310,1987,0
4405,-2486,2086,0
4414,-1903,2048,0
4424,-1569,1951,0
4433,-1649,1889,0
4443,-1952,1901,0
4452,-1356,1791,0
4462,-1961,1824,0
4471,-1773,1813,0
4481,-1368,1723,0
4491,-1417,1661,0
4500,-1539,1635,0
4510,-1531,1614,0
4519,-1233,1537,0
4529,-1320,1493,0
4538,-1477,1489,0
4548,-1731,1537,0
4557,-1692,1567,0
4567,-1365,1526,0
4576,-1570,1534,0
4586,-1626,1552,0
4595,-1329,1506,0
4605,-1510,1506,0
4614,-1708,1545,0
4624,-1551,1546,0
4633,-1453,1526,0
4643,-1505,1521,0
4652,-1567,1529,0
4662,-1739,1570,0
4671,-1544,1564,0
4681,-1426,1536,0
4690,-1136,1455,0
4700,-1354,1434,0
4709,-1427,1432,0
4719,-979,1340,0
4728,-1118,1295,0
4738,-1590,1354,0
4747,-1452,1373,0
4757,-1418,1381,0
4766,-1406,1385,0
4776,-1236,1355,0
4785,-1087,1301,0
4795,-897,1219,0
4804,-1196,1214,0
4814,-1154,1201,0
4823,-922,1144,0
4833,-1067,1128,0
4842,-1319,1165,0
4852,-1308,1193,0
4862,-1337,1221,0
4871,-1136,1203,0
4881,-1222,1206,0
4890,-1105,1185,0
4900,-1433,1234,0
4909,-1505,1288,0
4919,-1325,1295,0
4928,-1842,1404,0
4938,-1538,1430,0
4947,-1730,1490,0
4957,-2085,1609,0
4966,-1490,1585,0
4976,-1618,1591,0
4985,-1209,1513,0
4995,-1082,1426,0
5004,-1112,1362,0
5014,-1514,1391,0
5023,-1388,1389,0
5033,-1001,1311,0
5042,-933,1234,0
5052,-740,1135,0
5061,-886,1085,0
5071,-1095,1087,0
5080,-853,1039,0
5090,-1022,1035,0
5099,-638,955,0
5109,-978,959,0
5118,-1393,1045,0
5128,-638,963,0
5137,-510,872,0
5147,-927,882,0
5156,-1056,916,0
5166,-1284,988,0
5175,-979,985,0
5185,-1016,991,0
5194,-1518,1095,0
5204,-992,1074,0
5213,-1153,1089,0
5223,-1519,1174,0
5232,-831,1105,0
5242,-894,1062,0
5252,-975,1044,0
5261,-606,956,0
5271,-650,894,0
5280,-838,882,0
5290,-953,895,0
5299,-744,864,0
5309,-1078,906,0
5318,-1032,930,0
5328,-928,929,0
5337,-1229,988,0
5347,-670,924,0
5356,-1332,1005,0
5366,-1135,1031,0
5375,-903,1004,0
5385,-804,963,0
5394,-583,886,0
5404,-960,900,0
5413,-745,869,0
5423,-695,834,0
5432,-577,782,0
5442,-506,726,0
5451,-923,764,0
5461,-418,694,0
5470,-705,696,0
5480,-769,709,0
5489,-703,707,0
5499,-929,750,0
5508,-420,684,0
5518,-671,681,0
5527,-1357,815,0
5537,-680,788,0
5546,-1080,846,0
5556,-1244,924,0
5565,-493,837,0
5575,-656,800,0
5584,-400,720,0
5594,-930,762,0
5603,-1037,816,0
5613,-315,715,0
5623,-743,720,0
5632,-1111,798,0
5642,-91,656,0
5651,-954,714,0
5661,-1967,964,0
5670,-827,936,0
5680,-356,819,0
5689,-800,815,0
5699,-704,792,0
5708,-622,757,0
5718,-144,633,0
5727,-635,633,0
5737,-973,700,0
5746,-922,744,0
5756,-567,708,0
5765,-894,744,0
5775,-319,658,0
5784,-37,533,0
5794,-698,565,0
5803,-806,613,0
5813,-507,591,0
5822,-638,599,0
5832,-658,610,0
5841,-602,608,0
5851,-364,558,0
5860,-154,476,0
5870,-429,465,0
5879,-844,540,0
5889,-329,497,0
5898,-463,489,0
5908,-634,517,0
5917,-488,510,0
5927,-939,595,0
5936,-624,600,0
5946,-622,604,0
5955,-620,607,0
5965,-640,613,0
5974,-862,662,0
5984,-729,674,0
5994,-105,560,0
6003,-476,543,0
6013,-403,514,0
6022,-84,427,0
6032,-239,388,0
6041,-299,369,0
6051,-521,399,0
6060,-520,423,0
6070,-225,383,0
6079,-813,468,0
6089,-964,566,0
6098,-637,579,0
6108,-619,586,0
6117,-247,517,0
6127,-245,462,0
6136,-435,456,0
6146,-716,507,0
6155,-404,485,0
6165,-325,453,0
6174,-407,443,0
6184,-298,413,0
6193,-120,354,0
6203,-7,284,0
6212,-244,275,0
6222,-302,280,0
6231,-590,342,0
6241,-121,297,0
6250,-238,284,0
6260,-280,283,0
6269,57,237,0
6279,-99,208,0
6288,135,193,0
6298,-35,161,0
6307,-218,171,0
6317,-280,192,0
6326,-78,168,0
6336,-417,217,0
6345,-70,187,0
6355,16,152,0
6365,-624,245,0
6374,-528,301,0
6384,-403,320,0
6393,-172,290,0
6403,-525,337,0
6412,-736,416,0
6422,89,349,0
6431,-317,342,0
6441,-501,373,0
6450,125,323,0
6460,-241,306,0
6469,-359,315,0
6479,-41,260,0
6488,-42,216,0
6498,-311,234,0
6507,-109,208,0
6517,-432,252,0
6526,-117,224,0
6536,-276,234,0
6545,67,200,0
6555,-335,227,0
6564,20,185,0
6574,-666,281,0
6583,-442,312,0
6593,-489,346,0
6602,-238,323,0
6612,-464,350,0
6621,-451,370,0
6631,-226,341,0
6640,-128,297,0
6650,-137,264,0
6659,-86,228,0
6669,260,234,0
6678,196,226,0
6688,-152,210,0
6697,-111,190,0
6707,-48,161,0
6716,236,175,0
6726,-33,146,0
6735,-134,142,0
6745,-217,156,0
6755,-347,193,0
6764,-153,184,0
6774,323,211,0
6783,85,185,0
6793,-7,149,0
6802,-84,135,0
6812,-97,127,0
6821,-88,118,0
6831,-11,96,0
6840,73,90,0
6850,-181,108,0
6859,-100,106,0
6869,-163,116,0
6878,-122,116,0
6888,-159,123,0
6897,-432,184,0
6907,-423,231,0
6916,-402,264,0
6926,-83,227,0
6935,13,183,0
6945,-439,233,0
6954,-230,232,0
6964,-180,221,0
6973,314,238,0
6983,434,276,0
6992,-78,235,0
7002,2,188,0
7011,93,168,0
7021,-289,191,0
7030,-115,175,0
7040,-96,159,0
7049,66,140,0
7059,-352,182,0
7068,107,166,0
7078,48,141,0
7087,-108,133,0
7097,78,121,0
7106,73,110,0
7116,-41,96,0
7126,401,156,0
7135,110,146,0
7145,147,145,0
7154,266,169,0
7164,-29,140,0
7173,-522,216,0
7183,-273,226,0
7192,-165,213,0
7202,-38,177,0
7211,284,197,0
7221,-231,203,0
7230,114,184,0
7240,-80,163,0
7249,292,188,0
7259,-115,173,0
7268,169,171,0
7278,256,187,0
7287,-37,156,0
7297,-108,145,0
7306,-209,157,0
7316,204,165,0
7325,108,153,0
7335,323,186,0
7344,433,234,0
7354,72,201,0
7363,215,203,0
7373,537,269,0
7382,188,252,0
7392,27,206,0
7401,594,282,0
7411,415,308,0
7420,390,324,0
7430,66,272,0
7439,73,231,0
7449,556,295,0
7458,3,236,0
7468,-17,191,0
7477,53,162,0
7487,-75,144,0
7497,111,137,0
7506,60,121,0
7516,-48,105,0
7525,152,114,0
7535,-316,154,0
7544,-252,173,0
7554,419,221,0
7563,6,177,0
7573,-226,186,0
7582,149,177,0
7592,120,165,0
7601,-68,145,0
7611,110,138,0
7620,-244,158,0
7630,-10,128,0
7639,120,126,0
7649,135,127,0
7658,-33,107,0
7668,141,113,0
7677,-177,125,0
7687,-198,139,0
7696,484,207,0
7706,7,166,0
7715,114,154,0
7725,355,194,0
7734,483,251,0
7744,-43,208,0
7753,137,193,0
7763,-249,203,0
7772,-527,267,0
7782,-124,237,0
7791,-419,272,0
7801,-290,275,0
7810,337,287,0
7820,-350,299,0
7829,-216,282,0
7839,-36,232,0
7848,-157,216,0
7858,-182,208,0
7868,-393,244,0
7877,70,209,0
7887,-34,173,0
7896,218,181,0
7906,264,196,0
7915,120,180,0
7925,129,169,0
7934,-131,161,0
7944,-246,177,0
7953,-260,193,0
7963,-12,156,0
7972,304,184,0
7982,38,154,0
7991,-84,139,0
8001,348,180,0
8010,94,162,0
8020,-252,179,0
8029,363,215,0
8039,-80,188,0
8048,-411,232,0
8058,-186,222,0
8067,-315,240,0
8077,-101,212,0
8086,33,175,0
8096,328,205,0
8105,114,186,0
8115,-44,156,0
8124,268,177,0
8134,20,145,0
8143,-414,198,0
8153,386,235,0
8162,272,242,0
8172,140,221,0
8181,43,184,0
8191,446,236,0
8200,199,227,0
8210,-3,181,0
8219,-98,163,0
8229,-69,143,0
8239,-110,136,0
8248,146,137,0
8258,-406,190,0
8267,-11,154,0
8277,-146,152,0
8286,-465,214,0
8296,-32,177,0
8305,32,147,0
8315,-94,135,0
8324,-163,140,0
8334,127,137,0
8343,328,174,0
8353,238,186,0
8362,-5,149,0
8372,15,122,0
8381,438,184,0
8391,153,177,0
8400,174,175,0
8410,331,206,0
8419,105,185,0
8429,-27,153,0
8438,135,149,0
8448,190,157,0
8457,531,231,0
8467,8,185,0
8476,623,272,0
8486,469,310,0
8495,168,281,0
8505,105,245,0
8514,138,223,0
8524,-34,184,0
8533,-241,195,0
8543,218,199,0
8552,-7,160,0
8562,-184,164,0
8571,112,153,0
8581,197,161,0
8590,-15,131,0
8600,-30,110,0
8610,-31,94,0
8619,373,149,0
8629,-4,119,0
8638,186,132,0
8648,153,135,0
8657,432,194,0
8667,431,241,0
8676,214,234,0
8686,578,302,0
8695,269,294,0
8705,135,262,0
8714,-107,230,0
8724,123,208,0
8733,368,239,0
8743,-139,218,0
8752,7,175,0
8762,-161,172,0
8771,-12,139,0
8781,-629,236,0
8790,-63,200,0
8800,-100,180,0
8809,94,162,0
8819,-84,145,0
8828,-75,131,0
8838,195,143,0
8847,154,144,0
8857,209,156,0
8866,21,128,0
8876,508,203,0
8885,147,191,0
8895,152,182,0
8904,407,226,0
8914,378,255,0
8923,-231,250,0
8933,306,261,0
8942,-19,211,0
8952,-200,208,0
8961,525,271,0
8971,32,222,0
8981,-40,185,0
8990,-21,152,0
9000,111,143,0
9009,-147,143,0
9019,283,170,0
9028,61,148,0
9038,-365,191,0
9047,-9,153,0
9057,499,221,0
9066,-195,215,0
9076,-8,173,0
9085,-173,172,0
9095,155,168,0
9104,6,135,0
9114,117,131,0
9123,524,208,0
9133,-42,174,0
9142,202,179,0
9152,90,161,0
9161,89,145,0
9171,746,265,0
9180,202,252,0
9190,540,309,0
9199,-142,275,0
9209,6,221,0
9218,149,205,0
9228,520,268,0
9237,271,268,0
9247,419,297,0
9256,396,316,0
9266,770,406,0
9275,302,384,0
9285,90,325,0
9294,285,317,0
9304,329,318,0
9313,205,295,0
9323,667,369,0
9332,689,432,0
9342,365,418,0
9351,113,356,0
9361,-307,345,0
9371,238,323,0
9380,228,303,0
9390,224,286,0
9399,332,294,0
9409,606,356,0
9418,458,375,0
9428,309,361,0
9437,785,445,0
9447,383,432,0
9456,213,387,0
9466,493,407,0
9475,784,481,0
9485,480,480,0
9494,659,515,0
9504,633,538,0
9513,233,476,0
9523,17,383,0
9532,658,437,0
9542,40,357,0
9551,183,321,0
9561,180,292,0
9570,249,282,0
9580,331,291,0
9589,141,260,0
9599,96,227,0
9608,267,234,0
9618,395,266,0
9627,-118,235,0
9637,242,236,0
9646,8,189,0
9656,117,174,0
9665,270,193,0
9675,274,208,0
9684,202,206,0
9694,-173,198,0
9703,177,193,0
9713,258,205,0
9722,-53,174,0
9732,-70,153,0
9742,592,240,0
9751,205,233,0
9761,135,213,0
9770,434,256,0
9780,-284,260,0
9789,-54,218,0
9799,-37,181,0
9808,65,157,0
9818,360,197,0
9827,56,168,0
9837,155,165,0
9846,440,220,0
9856,-296,235,0
9865,103,208,0
9875,-251,216,0
9884,260,224,0
9894,-249,228,0
9903,-17,185,0
9913,-148,177,0
9922,-157,172,0
9932,-54,147,0
9941,26,122,0
9951,-160,129,0
9960,-407,184,0
9970,105,168,0
9979,130,160,0
9989,93,146,0
9998,368,189,0
10008,426,236,0
10017,239,235,0
10027,-88,205,0
10036,214,206,0
10046,732,310,0
10055,278,303,0
10065,-143,270,0
10074,35,223,0
10084,-69,191,0
10093,149,181,0
10103,44,152,0
10113,9,122,0
10122,204,137,0
10132,88,126,0
10141,299,159,0
10151,199,166,0
10160,172,166,0
10170,-184,168,0
10179,208,175,0
10189,280,196,0
10198,96,175,0
10208,105,161,0
10217,250,178,0
10227,-7,143,0
10236,21,118,0
10246,666,227,0
10255,530,287,0
10265,219,272,0
10274,17,220,0
10284,292,234,0
10293,-59,198,0
10303,-440,246,0
10312,100,216,0
10322,-34,178,0
10331,-43,150,0
10341,377,195,0
10350,1,156,0
10360,-215,167,0
10369,-83,149,0
10379,33,125,0
10388,158,131,0
10398,395,183,0
10407,-76,161,0
10417,-9,129,0
10426,-512,205,0
10436,156,195,0
10445,81,172,0
10455,-187,174,0
10464,113,161,0
10474,276,183,0
10484,562,258,0
10493,273,260,0
10503,783,364,0
10512,329,356,0
10522,23,288,0
10531,126,255,0
10541,519,307,0
10550,-267,298,0
10560,88,255,0
10569,-160,236,0
10579,76,203,0
10588,523,266,0
10598,74,226,0
10607,327,245,0
10617,127,221,0
10626,142,204,0
10636,281,219,0
10645,195,214,0
10655,122,195,0
10664,213,198,0
10674,-120,182,0
10683,50,155,0
10693,263,176,0
10702,57,151,0
10712,164,152,0
10721,361,193,0
10731,255,205,0
10740,491,262,0
10750,448,298,0
10759,109,259,0
10769,-19,210,0
10778,459,259,0
10788,478,302,0
10797,283,297,0
10807,561,349,0
10816,566,392,0
10826,345,382,0
10835,539,412,0
10845,232,375,0
10854,84,316,0
10864,397,331,0
10874,475,359,0
10883,30,293,0
10893,359,305,0
10902,87,261,0
10912,-79,223,0
10921,77,193,0
10931,340,222,0
10940,-61,189,0
10950,33,157,0
10959,260,177,0
10969,646,270,0
10978,66,229,0
10988,325,248,0
10997,549,307,0
11007,240,293,0
11016,692,372,0
11026,408,378,0
11035,173,336,0
11045,494,366,0
11054,35,299,0
11064,244,287,0
11073,304,289,0
11083,296,290,0
11092,504,332,0
11102,-30,271,0
11111,234,262,0
11121,264,261,0
11130,242,256,0
11140,-33,210,0
11149,255,219,0
11159,301,235,0
11168,83,204,0
11178,116,186,0
11187,405,229,0
11197,6,184,0
11206,-24,151,0
11216,126,145,0
11225,77,131,0
11235,-155,135,0
11245,-68,121,0
11254,-71,110,0
11264,-30,94,0
11273,202,115,0
11283,-51,102,0
11292,227,126,0
11302,521,204,0
11311,552,273,0
11321,635,345,0
11330,429,361,0
11340,484,384,0
11349,-116,330,0
11359,240,312,0
11368,-109,270,0
11378,-130,242,0
11387,420,277,0
11397,139,248,0
11406,-19,201,0
11416,29,165,0
11425,-213,174,0
11435,-27,144,0
11444,145,144,0
11454,214,157,0
11463,426,210,0
11473,313,230,0
11482,-240,232,0
11492,-166,218,0
11501,206,215,0
11511,422,256,0
11520,199,243,0
11530,134,220,0
11539,865,349,0
11549,458,370,0
11558,239,343,0
11568,451,364,0
11577,486,388,0
11587,-84,326,0
11596,216,303,0
11606,486,339,0
11616,215,314,0
11625,-44,259,0
11635,-205,248,0
11644,-155,229,0
11654,-42,191,0
11663,-255,203,0
11673,362,234,0
11682,124,211,0
11692,-80,184,0
11701,-135,174,0
11711,-134,165,0
11720,-31,138,0
11730,249,159,0
11739,59,138,0
11749,294,168,0
11758,400,214,0
11768,-2,171,0
11777,26,141,0
11787,205,153,0
11796,123,146,0
11806,72,130,0
11815,409,185,0
11825,182,184,0
11834,317,210,0
11844,73,182,0
11853,494,243,0
11863,251,244,0
11872,103,215,0
11882,324,236,0
11891,288,245,0
11901,-135,223,0
11910,215,221,0
11920,153,206,0
11929,-411,246,0
11939,-6,197,0
11948,-101,177,0
11958,499,240,0
11967,128,217,0
11977,251,223,0
11986,309,239,0
11996,441,279,0
12006,78,238,0
12015,-54,200,0
12025,438,247,0
12034,389,274,0
12044,139,246,0
12053,-129,221,0
12063,155,207,0
12072,118,188,0
12082,841,318,0
12091,208,295,0
12101,126,261,0
12110,263,260,0
12120,-148,237,0
12129,56,200,0
12139,561,272,0
12148,314,279,0
12158,-475,318,0
12167,333,320,0
12177,433,342,0
12186,248,322,0
12196,18,260,0
12205,-472,302,0
12215,-347,310,0
12224,186,285,0
12234,-74,242,0
12243,-111,215,0
12253,495,271,0
12262,90,234,0
12272,121,211,0
12281,432,254,0
12291,285,260,0
12300,201,248,0
12310,313,260,0
12319,-62,220,0
12329,94,194,0
12338,217,198,0
12348,339,225,0
12357,-26,185,0
12367,172,182,0
12377,241,193,0
12386,33,160,0
12396,-87,145,0
12405,481,212,0
12415,320,233,0
12424,50,196,0
12434,621,280,0
12443,171,258,0
12453,74,220,0
12462,27,181,0
12472,144,172,0
12481,147,166,0
12491,154,162,0
12500,107,150,0
12510,72,134,0
12519,283,163,0
12529,411,212,0
12538,392,247,0
12548,356,268,0
12557,536,321,0
12567,489,353,0
12576,-167,315,0
12586,187,289,0
12595,628,356,0
12605,32,290,0
12614,-124,256,0
12624,-139,231,0
12633,333,250,0
12643,107,221,0
12652,264,228,0
12662,168,215,0
12671,603,292,0
12681,343,301,0
12690,301,300,0
12700,387,317,0
12709,-130,279,0
12719,246,272,0
12728,558,328,0
12738,275,317,0
12748,101,273,0
12757,452,308,0
12767,-316,309,0
12776,169,280,0
12786,390,302,0
12795,-381,317,0
12805,30,259,0
12814,559,318,0
12824,76,269,0
12833,-226,260,0
12843,499,307,0
12852,914,427,0
12862,81,357,0
12871,240,333,0
12881,72,280,0
12890,271,278,0
12900,151,252,0
12909,-29,206,0
12919,569,277,0
12928,126,246,0
12938,23,200,0
12947,332,226,0
12957,118,203,0
12966,219,205,0
12976,-88,181,0
12985,-27,149,0
12995,249,168,0
13004,461,226,0
13014,122,204,0
13023,17,166,0
13033,160,164,0
13042,69,144,0
13052,542,223,0
13061,215,221,0
13071,323,240,0
13080,463,284,0
13090,426,312,0
13099,457,340,0
13109,484,368,0
13119,279,349,0
13128,217,322,0
13138,113,279,0
13147,-15,226,0
13157,625,305,0
13166,219,287,0
13176,373,303,0
13185,135,269,0
13195,-427,300,0
13204,143,268,0
13214,44,222,0
13223,-382,253,0
13233,-18,205,0
13242,234,210,0
13252,-79,183,0
13261,21,150,0
13271,-93,138,0
13280,-206,151,0
13290,-40,128,0
13299,84,118,0
13309,23,98,0
13318,-15,81,0
13328,-112,86,0
13337,-303,128,0
13347,64,114,0
13356,179,126,0
13366,-79,115,0
13375,-214,134,0
13385,11,109,0
13394,-147,116,0
13404,-156,123,0
13413,500,198,0
13423,123,182,0
13432,-303,205,0
13442,298,223,0
13451,128,203,0
13461,419,245,0
13470,30,202,0
13480,197,200,0
13489,-113,182,0
13499,-62,157,0
13509,230,171,0
13518,-213,178,0
13528,-33,148,0
13537,329,183,0
13547,-352,216,0
13556,-66,185,0
13566,410,230,0
13575,-142,212,0
13585,-33,175,0
13594,57,151,0
13604,200,160,0
13613,315,191,0
13623,-92,170,0
13632,86,153,0
13642,-30,128,0
13651,-89,119,0
13661,499,194,0
13670,610,277,0
13680,194,259,0
13689,235,254,0
13699,-170,237,0
13708,40,197,0
13718,35,164,0
13727,-11,133,0
13737,329,171,0
13746,199,175,0
13756,36,147,0
13765,305,178,0
13775,37,149,0
13784,-99,138,0
13794,225,155,0
13803,131,150,0
13813,524,224,0
13822,541,287,0
13832,216,272,0
13841,186,254,0
13851,445,292,0
13860,492,331,0
13870,389,341,0
13880,341,340,0
13889,429,357,0
13899,188,322,0
13908,167,290,0
13918,574,346,0
13927,35,283,0
13937,268,279,0
13946,794,381,0
13956,486,401,0
13965,-48,329,0
13975,326,328,0
13984,300,322,0
13994,-109,278,0
14003,403,302,0
14013,252,291,0
14022,92,250,0
14032,-52,210,0
14041,96,187,0
14051,-202,189,0
14060,-54,161,0
14070,136,155,0
14079,-142,152,0
14089,744,269,0
14098,88,232,0
14108,-456,276,0
14117,312,282,0
14127,116,248,0
14136,-42,206,0
14146,70,178,0
14155,295,201,0
14165,-138,187,0
14174,458,240,0
14184,77,207,0
14193,248,214,0
14203,314,233,0
14212,268,239,0
14222,234,237,0
14231,218,232,0
14241,16,188,0
14251,-350,220,0
14260,-94,194,0
14270,-103,175,0
14279,37,147,0
14289,-193,155,0
14298,81,140,0
14308,160,144,0
14317,117,138,0
14327,-51,120,0
14336,5,97,0
14346,134,103,0
14355,225,127,0
14365,223,145,0
14374,27,121,0
14384,292,154,0
14393,140,151,0
14403,1,120,0
14412,246,145,0
14422,216,159,0
14431,-47,136,0
14441,-166,141,0
14450,564,224,0
14460,-136,206,0
14469,-267,217,0
14479,206,214,0
14488,-125,196,0
14498,149,185,0
14507,596,267,0
14517,269,266,0
14526,423,296,0
14536,126,261,0
14545,209,249,0
14555,309,260,0
14564,437,295,0
14574,744,384,0
14583,732,453,0
14593,746,511,0
14602,584,524,0
14612,629,544,0
14622,477,530,0
14631,346,493,0
14641,430,480,0
14650,409,465,0
14660,340,440,0
14669,268,405,0
14679,228,369,0
14688,496,394,0
14698,505,416,0
14707,406,413,0
14717,-124,354,0
14726,730,429,0
14736,298,402,0
14745,340,389,0
14755,354,381,0
14764,206,345,0
14774,250,326,0
14783,-195,299,0
14793,95,258,0
14802,382,282,0
14812,304,285,0
14821,422,312,0
14831,69,262,0
14840,378,284,0
14850,582,343,0
14859,229,319,0
14869,677,390,0
14878,575,427,0
14888,606,462,0
14897,690,507,0
14907,86,422,0
14916,371,411,0
14926,465,421,0
14935,184,372,0
14945,499,396,0
14954,338,383,0
14964,-97,325,0
14973,375,335,0
14983,87,285,0
14992,-311,290,0
15002,-269,285,0
15012,168,261,0
15021,299,267,0
15031,167,246,0
15040,246,245,0
15050,-89,213,0
15059,-50,180,0
15069,-41,152,0
15078,-98,140,0
15088,62,124,0
15097,137,126,0
15107,-201,140,0
15116,-521,216,0
15126,-90,190,0
15135,-207,193,0
15145,-177,189,0
15154,-150,181,0
15164,-157,175,0
15173,359,211,0
15183,-58,179,0
15192,-271,197,0
15202,280,213,0
15211,-173,204,0
15221,173,197,0
15230,136,184,0
15240,203,187,0
15249,-2,149,0
15259,-323,183,0
15268,132,172,0
15278,-72,151,0
15287,-33,126,0
15297,-34,106,0
15306,-125,109,0
15316,-18,90,0
15325,-75,87,0
15335,-98,88,0
15344,32,76,0
15354,129,85,0
15363,408,149,0
15373,9,120,0
15383,-85,113,0
15392,217,133,0
15402,-196,145,0
15411,200,156,0
15421,471,218,0
15430,238,221,0
15440,-81,192,0
15449,-178,188,0
15459,80,166,0
15468,235,179,0
15478,627,268,0
15487,517,317,0
15497,110,275,0
15506,103,240,0
15516,234,238,0
15525,-23,194,0
15535,355,226,0
15544,323,244,0
15554,-96,214,0
15563,-85,188,0
15573,0,150,0
15582,110,142,0
15592,135,140,0
15601,-423,196,0
15611,1,156,0
15620,-185,161,0
15630,-116,151,0
15639,-177,155,0
15649,-18,127,0
15658,-25,106,0
15668,-344,152,0
15677,15,124,0
15687,-315,162,0
15696,-389,206,0
15706,60,176,0
15715,-244,188,0
15725,-66,163,0
15734,96,149,0
15744,189,156,0
15754,-7,125,0
15763,33,106,0
15773,484,180,0
15782,-158,175,0
15792,-77,155,0
15801,553,234,0
15811,-197,226,0
15820,-518,283,0
15830,-15,229,0
15839,-192,221,0
15849,-161,208,0
15858,345,235,0
15868,-48,197,0
15877,100,177,0
15887,-248,190,0
15896,-342,220,0
15906,-38,183,0
15915,196,185,0
15925,41,156,0
15934,324,188,0
15944,-117,173,0
15953,-64,150,0
15963,74,134,0
15972,297,166,0
15982,229,177,0
15991,263,193,0
16001,-236,201,0
16010,-88,177,0
16020,286,198,0
16029,-45,167,0
16039,27,138,0
16048,172,144,0
16058,225,160,0
16067,-82,144,0
16077,-325,180,0
16086,140,172,0
16096,9,138,0
16105,-45,119,0
16115,-8,96,0
16124,274,130,0
16134,180,140,0
16144,157,143,0
16153,50,124,0
16163,105,120,0
16172,200,136,0
16182,-89,125,0
16191,317,163,0
16201,195,169,0
16210,-91,153,0
16220,151,152,0
16229,-117,144,0
16239,-12,117,0
16248,80,109,0
16258,-338,154,0
16267,201,163,0
16277,-322,194,0
16286,-288,212,0
16296,-78,184,0
16305,-169,180,0
16315,321,208,0
16324,47,175,0
16334,76,155,0
16343,419,207,0
16353,60,177,0
16362,561,253,0
16372,122,226,0
16381,135,207,0
16391,16,168,0
16400,-62,146,0
16410,212,158,0
16419,0,126,0
16429,42,108,0
16438,23,90,0
16448,254,122,0
16457,-197,136,0
16467,-32,114,0
16476,192,129,0
16486,225,148,0
16495,287,175,0
16505,219,183,0
16515,157,177,0
16524,-69,154,0
16534,569,236,0
16543,-1433,474,0
16553,162,411,0
16562,-2088,745,0
16572,-1713,938,0
16581,1741,1098,0
16591,-4207,1719,0
16600,4528,2280,0
16610,-3128,2449,0
16619,-906,2140,0
16629,-2135,2139,0
16638,-696,1850,0
16648,2019,1883,0
16657,1726,1851,0
16667,4555,2391,0
16676,2294,2370,0
16686,-3201,2536,0
16695,-1884,2404,0
16705,513,2025,0
16714,2818,2183,0
16724,1333,2012,0
16733,-1137,1836,0
16743,426,1553,0
16752,-6172,2476,0
16762,-3417,2663,0
16771,434,2216,0
16781,-1600,2092,0
16790,1240,1921,1
16800,3631,2262,1
16809,-3541,2517,1
16819,104,2033,1
16828,-1274,1880,1
16838,3504,2204,1
16847,-5031,2769,1
16857,3008,2816,1
16866,532,2358,1
16876,-1352,2156,1
16885,9674,3658,1
16895,-7678,4461,1
16905,2470,4062,1
16914,45,3258,1
16924,-2635,3133,1
16933,-911,2688,1
16943,4007,2951,1
16952,1402,2640,1
16962,-125,2137,1
16971,-582,1825,1
16981,1604,1780,1
16990,-606,1545,1
17000,855,1407,1
17009,988,1322,1
17127,1349,1341,0
17136,-995,1271,0
17146,-914,1198,0
17155,-387,1035,0
17165,2002,1228,0
17174,2525,1487,0
17184,1068,1402,0
17193,722,1265,0
17203,400,1092,0
17212,-404,953,0
17222,1352,1032,0
17231,833,991,0
17241,874,966,0
17250,1751,1122,0
17260,860,1069,0
17269,937,1042,0
17279,148,862,0
17289,-124,713,0
17298,18,573,0
17308,611,580,0
17317,-62,476,0
17327,-151,410,0
17336,815,491,0
17346,576,507,0
17355,-312,467,0
17365,213,415,0
17374,39,339,0
17384,262,323,0
17393,-169,291,0
17403,187,269,0
17412,-127,240,0
17422,1543,500,0
17431,2099,819,0
17441,-1651,985,0
17450,2779,1343,0
17460,-316,1137,0
17469,245,958,0
17479,-4214,1608,0
17488,-2500,1786,0
17498,-1321,1692,0
17507,1015,1556,1
17517,985,1441,1
17526,1490,1450,1
17536,1110,1382,1
17545,210,1147,1
17555,1442,1205,1
17564,1848,1333,1
17574,1198,1305,1
17583,2556,1555,1
17593,1653,1574,1
17602,1210,1501,1
17612,629,1325,1
17621,449,1149,1
17631,-381,995,1
17640,126,821,1
17650,227,701,1
17659,-174,594,1
17669,-23,479,1
17679,-190,421,1
17688,-491,434,1
17698,-122,371,1
17707,-739,443,1
17717,-267,407,1
17726,-2921,909,1
17736,869,900,1
17745,1332,986,1
17755,1501,1088,1
17764,2397,1349,1
17774,1279,1334,1
17783,1004,1267,1
17793,1250,1263,1
17802,1007,1211,1
17812,419,1051,1
17821,660,972,1
17831,1532,1083,1
17840,1232,1112,1
17850,1945,1278,1
17859,1111,1244,1
17869,1363,1267,1
17878,826,1178,1
17888,593,1060,1
17897,738,995,1
17907,234,842,1
17916,-355,744,1
17926,-827,760,1
17935,-386,685,1
17945,-654,678,1
17954,-554,652,1
17964,174,555,1
17973,451,534,1
17983,606,548,1
17992,56,449,1
18002,269,412,1
18011,-1330,595,1
18021,-161,508,1
18030,-258,457,1
18040,-194,403,1
18050,708,463,1
18059,68,383,1
18069,405,387,1
18078,318,372,1
18088,-139,324,1
18097,907,440,1
18107,112,374,1
18116,-188,336,1
18126,288,325,1
18135,-109,281,1
18145,89,241,1
18154,96,211,1
18164,-74,182,1
18173,-371,219,1
18183,-217,218,1
18192,1330,440,1
18202,-2712,894,1
18211,-1452,1005,1
18221,-1284,1060,1
18230,-887,1025,1
18240,-26,825,1
18249,-121,684,1
18259,-538,654,1
18268,150,553,1
18278,381,518,1
18287,195,453,1
18297,884,538,1
18306,121,454,1
18316,-569,476,1
18325,-646,509,1
18335,873,581,1
18344,-183,500,1
18354,-518,503,1
18363,24,406,1
18373,629,449,1
18382,1079,574,1
18392,689,596,1
18401,523,580,1
18411,-21,468,1
18420,191,412,1
18430,242,377,1
18440,402,381,1
18449,75,319,1
18459,212,297,1
18468,-261,289,1
18478,260,283,1
18487,522,330,1
18497,-68,277,1
18506,238,268,1
18516,454,304,1
18525,27,248,1
18535,436,285,1
18544,177,263,1
18554,-11,212,1
18563,183,205,1
18573,200,204,1
18582,31,169,1
18592,-193,173,1
18601,39,145,1
18611,-259,167,1
18620,-119,156,1
18630,545,233,1
18639,-65,199,1
18649,-356,230,1
18658,-138,211,1
18668,-219,211,1
18677,-241,216,1
18687,254,222,1
18696,436,264,1
18706,-324,275,1
18715,391,298,1
18725,115,261,1
18734,2,208,1
18744,-110,188,1
18753,198,189,1
18763,603,271,1
18772,-4,216,1
18782,168,205,1
18791,397,243,1
18801,213,236,1
18811,163,220,1
18820,222,220,1
18830,18,179,1
18839,477,238,1
18849,30,196,1
18858,279,211,1
18868,105,189,1
18877,-127,176,1
18887,33,146,1
18896,8,117,1
18906,271,147,1
18915,-20,121,1
18925,54,106,1
18934,-302,144,1
18944,-402,195,1
18953,-195,195,1
18963,91,174,1
18972,-43,147,1
18982,347,186,1
18991,163,180,1
19001,-97,163,1
19010,399,209,1
19020,379,242,1
19029,93,211,1
19039,516,271,1
19048,369,289,1
19058,-58,242,1
19067,-51,203,1
19077,107,183,1
19086,72,160,1
19096,57,139,1
19105,66,124,1
19115,455,190,1
19124,-109,173,1
19134,-194,176,1
19143,-309,201,1
19153,-245,209,1
19162,4,167,1
19172,323,197,1
19182,145,186,1
19191,-147,177,1
19201,57,152,1
19210,558,232,1
19220,345,254,1
19229,163,235,1
19239,-85,205,1
19248,283,220,1
19258,65,189,1
19267,-175,186,1
19277,317,211,1
19286,157,199,1
19296,-131,185,1
19305,-4,148,1
19315,-93,136,1
19324,131,134,1
19334,-159,138,1
19343,11,112,1
19353,394,167,1
19362,-349,202,1
19372,-225,206,1
19381,-111,186,1
19391,-18,151,1
19400,180,156,1
19410,71,138,1
19419,-63,122,1
19429,431,183,1
19438,-133,172,1
19448,-388,214,1
19457,65,184,1
19467,-235,194,1
19476,-183,191,1
19486,137,179,1
19495,-331,209,1
19505,108,188,1
19514,139,177,1
19524,-301,201,1
19533,-227,205,1
19543,44,172,1
19661,-245,185,0
19670,78,163,0
19680,-232,176,0
19689,37,147,0
19699,198,156,0
19708,173,158,0
19718,-67,139,0
19727,91,129,0
19737,258,154,0
19746,-405,204,0
19756,-134,189,0
19765,180,187,0
19775,-194,187,0
19784,24,153,0
19794,47,131,0
19803,-149,133,0
19813,-198,145,0
19822,-59,127,0
19832,-12,103,0
19841,94,100,0
19851,-574,194,0
19860,184,191,0
19870,83,168,0
19879,70,148,0
19889,357,189,0
19898,-468,244,0
19908,-269,248,0
19917,-125,223,0
19927,417,261,0
19936,270,262,0
19946,274,263,0
19956,380,286,0
19965,146,257,0
19975,345,274,0
19984,183,255,0
19994,476,299,0
20003,213,281,0
20013,661,356,0
20022,579,399,0
20032,16,322,0
20041,241,305,0
20051,37,251,0
20060,-129,225,0
20070,299,239,0
20079,263,243,0
20089,151,224,0
20098,76,194,0
20108,-224,199,0
20117,335,226,0
20127,289,237,0
20136,253,239,0
20146,219,234,0
20155,323,251,0
20165,97,219,0
20174,340,243,0
20184,-161,226,0
20193,-322,244,0
20203,-220,239,0
20212,-338,258,0
20222,141,234,0
20231,498,286,0
20241,23,232,0
20250,-77,200,0
20260,-26,165,0
20269,-75,147,0
20279,-232,163,0
20288,-132,156,0
20298,170,158,0
20307,-20,130,0
20317,-117,127,0
20327,59,112,0
20336,224,133,0
20346,62,118,0
20355,-44,102,0
20365,-339,148,0
20374,-101,138,0
20384,-284,166,0
20393,27,137,0
20403,-35,116,0
20412,-298,151,0
20422,-122,144,0
20431,22,119,0
20441,67,108,0
20450,-303,146,0
20460,-121,140,0
20469,17,115,0
20479,-23,96,0
20488,-220,120,0
20498,177,131,0
20507,-453,194,0
20517,-428,240,0
20526,166,225,0
20536,-148,209,0
20545,-321,231,0
20555,8,185,0
20564,-170,182,0
20574,-135,172,0
20583,359,208,0
20593,-370,240,0
20602,-96,211,0
20612,12,170,0
20621,-506,237,0
20631,-501,289,0
20640,-144,259,0
20650,146,236,0
20659,231,234,0
20669,199,226,0
20678,62,192,0
20688,107,174,0
20698,280,195,0
20707,536,263,0
20717,257,261,0
20726,173,242,0
20736,462,285,0
20745,647,357,0
20755,-150,315,0
20764,-299,311,0
20774,506,349,0
20783,281,335,0
20793,419,351,0
20802,376,355,0
20812,68,297,0
20821,-154,267,0
20831,370,287,0
20840,56,240,0
20850,269,245,0
20859,187,233,0
20869,-65,199,0
20878,-112,181,0
20888,-545,253,0
20897,85,219,0
20907,454,265,0
20916,25,217,0
20926,-53,183,0
20935,225,191,0
20945,-130,178,0
20954,324,206,0
20964,-255,215,0
20973,364,244,0
20983,-119,218,0
20992,-310,236,0
21002,181,224,0
21011,384,255,0
21021,-141,232,0
21030,-6,186,0
21040,-11,150,0
21049,81,136,0
21059,76,123,0
21068,31,104,0
21078,-369,156,0
21088,58,135,0
21097,49,117,0
21107,234,139,0
21116,220,155,0
21126,206,165,0
21135,58,143,0
21145,79,129,0
21154,90,121,0
21164,-26,101,0
21173,-221,124,0
21183,180,135,0
21192,-330,174,0
21202,-146,168,0
21211,-301,194,0
21221,206,196,0
21230,2780,712,0
21240,-4285,1426,0
21249,3738,1887,0
21259,-3878,2284,0
21268,1825,2192,0
21278,571,1867,0
21287,-2329,1958,0
21297,3994,2364,0
21306,-7465,3384,0
21316,2716,3250,0
21325,4948,3589,0
21335,-5336,3938,0
21344,-2689,3687,0
21354,-3171,3583,0
21363,-1761,3218,0
21373,-658,2705,0
21382,655,2295,0
21392,-448,1925,0
21401,-751,1690,0
21411,2674,1886,0
21420,-1205,1749,0
21430,1387,1676,0
21439,4818,2303,0
21449,-6700,3182,0
21459,3957,3336,0
21468,293,2726,0
21478,1039,2387,0
21487,-4128,2734,0
21497,2094,2605,0
21506,-5240,3132,1
21516,5340,3573,1
21525,-6864,4230,1
21535,7992,4982,1
21544,-4487,4882,1
21554,-2880,4481,1
21563,2822,4148,1
21573,-2696,3857,1
21582,5871,4259,1
21592,-6,3408,1
21601,-2163,3158,1
21611,5429,3611,1
21620,-3568,3601,1
21630,2847,3449,1
21639,-2935,3346,1
21649,2109,3097,1
21658,-3211,3119,1
21668,-1662,2827,1
21677,1866,2634,1
21687,-99,2126,1
21696,-3158,2331,1
21706,2749,2413,1
21715,-1632,2256,1
21725,90,1822,1
21734,2093,1875,1
21744,-879,1675,1
21753,-262,1392,1
21763,1375,1388,1
21772,-137,1137,1
21782,929,1094,1
21791,4,875,1
21801,929,885,1
21810,128,733,1
21820,1197,825,1
21829,-3836,1427,1
21839,1731,1487,1
21849,424,1273,1
21858,-2670,1552,1
21868,1505,1542,1
21877,941,1421,1
21887,3240,1784,1
21896,-2592,1945,1
21906,1702,1896,1
21915,1521,1820,1
21925,-2580,1972,1
21934,-1353,1847,1
21944,-2426,1962,1
21953,-485,1666,1
21963,-1128,1557,1
21972,1833,1611,1
21982,397,1367,1
21991,-2094,1511,1
22001,144,1236,1
22010,-502,1088,1
22020,-25,875,1
22029,443,788,1
22039,266,683,1
22048,606,667,1
22058,170,567,1
22067,507,554,1
22077,510,545,1
22086,55,447,1
22096,-763,509,1
22105,72,421,1
22115,365,409,1
22124,447,416,1
22134,-19,335,1
22143,-624,392,1
22153,-78,328,1
22162,-11,264,1
22172,1811,573,1
22181,-430,544,1
22191,-709,576,1
22200,2268,913,1
22210,-1617,1053,1
22219,-1448,1131,1
22229,-3368,1577,1
22239,-731,1407,1
22248,-263,1177,1
22258,3362,1613,1
22267,3979,2085,1
22277,-406,1749,1
22286,56,1410,1
22296,603,1248,1
22305,-174,1032,1
22315,100,845,1
22324,-3756,1427,1
22334,-2211,1583,1
22343,-887,1443,1
22353,2501,1654,1
22362,1830,1689,1
22372,1498,1650,1
22381,190,1358,1
22391,443,1174,1
22400,534,1045,1
22410,833,1002,1
22419,102,821,1
22429,507,757,1
22438,832,771,1
22448,531,722,1
22457,446,666,1
22467,-340,600,1
22476,17,483,1
22486,986,583,1
22495,277,521,1
22505,-2558,927,1
22514,-2899,1320,1
22524,-532,1162,1
22533,714,1071,1
22543,-159,887,1
22552,169,742,1
22562,3552,1303,1
22571,4296,1901,1
22581,3982,2316,1
22590,4030,2658,1
22600,-1592,2444,1
22610,-2614,2477,1
22619,-1018,2184,1
22629,-1394,2025,1
22638,-385,1697,1
22648,1622,1681,1
22657,1381,1620,1
22667,212,1338,1
22676,1362,1342,1
22686,1015,1276,1
22695,1767,1373,1
22705,2002,1498,1
22714,2053,1608,1
22724,1298,1545,1
22733,2531,1742,1
22743,2886,1970,1
22752,2277,2031,1
22762,1551,1934,1
22771,1621,1871,1
22781,862,1668,1
22790,179,1369,1
22800,-665,1228,1
22809,-545,1091,1
22819,-72,886,1
22828,364,780,1
22838,596,743,1
22847,-136,621,1
22857,-753,646,1
22866,-457,607,1
22876,-838,652,1
22885,-587,638,1
22895,-264,562,1
22904,-222,493,1
22914,-622,518,1
22923,-526,519,1
22933,-567,528,1
22942,-390,500,1
22952,-74,414,1
22961,-1429,616,1
22971,530,598,1
22980,2813,1040,1
22990,898,1011,1
23000,-2466,1301,1
23009,-3539,1747,1
23019,-3893,2175,1
23028,-3129,2365,1
23038,-2625,2417,1
23047,-1549,2242,1
23057,-1245,2042,1
23066,787,1790,1
23076,-538,1539,1
23085,-721,1375,1
23095,154,1130,1
23104,473,998,1
23114,6,799,1
23123,-34,645,1
23133,910,698,1
23142,761,710,1
23152,9,569,1
23161,92,473,1
23171,301,438,1
23180,109,371,1
23190,-177,331,1
23199,-10,266,1
23209,-59,223,1
23218,277,233,1
23228,-240,234,1
23237,-440,275,1
23247,-347,289,1
23256,-311,293,1
23266,-573,348,1
23275,239,325,1
23285,183,296,1
23294,256,287,1
23304,96,248,1
23313,-242,246,1
23323,93,214,1
23332,-215,214,1
23342,266,224,1
23351,356,250,1
23361,76,215,1
23371,3,172,1
23380,-81,153,1
23390,-356,193,1
23399,143,182,1
23409,174,179,1
23418,-38,150,1
23428,262,172,1
23437,294,195,1
23447,278,211,1
23456,242,216,1
23466,170,206,1
23475,-118,187,1
23485,258,200,1
23494,214,202,1
23504,310,223,1
23513,-355,249,1
23523,178,234,1
23532,809,348,1
23542,-279,333,1
23551,160,298,1
23561,363,310,1
23570,-170,282,1
23580,188,262,1
23589,-332,275,1
23599,25,225,1
23608,-1,180,1
23618,329,209,1
23627,439,254,1
23637,148,232,1
23646,-88,202,1
23764,-164,164,0
23774,104,151,0
23783,363,192,0
23793,253,203,0
23802,-212,204,0
23812,-292,221,0
23821,107,197,0
23831,8,158,0
23840,327,191,0
23850,93,170,0
23859,-319,199,0
23869,106,180,0
23878,-292,202,0
23888,271,215,0
23897,383,248,0
23907,29,203,0
23916,26,167,0
23926,-362,205,0
23935,-426,249,0
23945,-587,316,0
23954,103,272,0
23964,36,224,0
23973,217,222,0
23983,-162,209,0
23992,-547,276,0
24002,-38,227,0
24011,8,182,0
24021,3,145,0
24030,58,127,0
24040,-56,112,0
24049,74,103,0
24059,-274,136,0
24068,-64,120,0
24078,-229,141,0
24087,-225,157,0
24097,-517,228,0
24106,53,192,0
24116,254,203,0
24125,306,223,0
24135,214,220,0
24145,96,195,0
24154,-10,158,0
24164,130,152,0
24173,205,162,0
24183,45,138,0
24192,148,139,0
24202,-336,178,0
24211,157,173,0
24221,-139,165,0
24230,-266,185,0
24240,-94,166,0
24249,-505,233,0
24259,51,196,0
24268,470,250,0
24278,443,288,0
24287,276,285,0
24297,344,296,0
24306,106,257,0
24316,309,266,0
24325,97,231,0
24335,416,267,0
24344,-64,225,0
24354,-71,194,0
24363,229,200,0
24373,-520,264,0
24382,-157,242,0
24392,-276,248,0
24401,121,222,0
24411,508,278,0
24420,-88,239,0
24430,-141,219,0
24439,-122,199,0
24449,-239,206,0
24458,0,164,0
24468,-218,174,0
24477,265,192,0
24487,-400,233,0
24496,-80,202,0
24506,30,167,0
24516,-234,179,0
24525,445,232,0
24535,346,254,0
24544,-257,254,0
24554,424,287,0
24563,-42,237,0
24573,-39,196,0
24582,21,160,0
24592,-283,184,0
24601,-131,173,0
24611,237,185,0
24620,125,173,0
24630,-1,138,0
24639,-284,166,0
24649,-342,200,0
24658,-138,187,0
24668,14,151,0
24677,655,251,0
24687,467,293,0
24696,-211,276,0
24706,92,238,0
24715,7,191,0
24725,-53,162,0
24734,489,226,0
24744,40,188,0
24753,383,226,0
24763,-116,203,0
24772,422,246,0
24782,-96,215,0
24791,-387,249,0
24801,-55,210,0
24810,485,265,0
24820,188,249,0
24829,85,216,0
24839,24,176,0
24848,173,174,0
24858,324,203,0
24867,248,211,0
24877,104,188,0
24887,253,200,0
24896,-134,186,0
24906,-159,179,0
24915,-144,171,0
24925,-101,156,0
24934,277,179,0
24944,-70,157,0
24953,196,164,0
24963,133,157,0
24972,28,130,0
24982,45,113,0
24991,138,117,0
25001,73,107,0
25010,-39,92,0
25020,183,109,0
25029,308,148,0
25039,-3,118,0
25048,267,147,0
25058,-400,197,0
25067,310,219,0
25077,560,287,0
25086,-390,307,0
25096,125,270,0
25105,-227,261,0
25115,-333,274,0
25124,-5,220,0
25134,-70,190,0
25143,-167,185,0
25153,-184,184,0
25162,-109,168,0
25172,-94,152,0
25181,-87,138,0
25191,-358,181,0
25200,-618,267,0
25210,-208,254,0
25219,-612,325,0
25229,181,296,0
25238,-45,245,0
25248,-290,254,0
25258,-14,205,0
25267,-213,206,0
25277,-59,175,0
25286,225,185,0
25296,201,188,0
25305,185,187,0
25315,448,238,0
25324,-172,224,0
25334,208,220,0
25343,-31,182,0
25353,-358,216,0
25362,-874,346,0
25372,-161,308,0
25381,-348,315,0
25391,-366,325,0
25400,53,270,0
25410,-437,303,0
25419,-46,251,0
25429,34,206,0
25438,-104,184,0
25448,-343,215,0
25457,14,174,0
25467,-384,215,0
25476,45,181,0
25486,6,145,0
25495,-220,160,0
25505,-372,202,0
25514,99,180,0
25524,-459,235,0
25533,-142,216,0
25543,252,222,0
25552,-667,310,0
25562,460,340,0
25571,-670,406,0
25581,-588,441,0
25590,2014,754,0
25600,6391,1881,0
25609,-12454,3994,0
25619,6868,4568,0
25628,1989,4051,0
25638,-3076,3855,0
25648,-1088,3301,0
25657,2277,3095,0
25667,6153,3706,0
25676,880,3140,0
25686,-3766,3265,0
25695,948,2801,0
25705,3385,2917,0
25714,3926,3118,0
25724,2848,3063,0
25733,-1038,2657,0
25743,-3452,2815,0
25752,-8652,3982,0
25762,-4774,4139,0
25771,-2686,3848,0
25781,-2698,3617,0
25790,-856,3064,0
25800,-2237,2898,0
25809,3432,3004,0
25819,4450,3293,0
25828,10723,4778,0
25838,-4162,4654,0
25847,-801,3883,0
25857,7095,4525,0
25866,-624,3744,1
25876,1561,3307,1
25885,-2788,3202,1
25895,-1650,2891,1
25904,5078,3327,1
25914,8134,4287,1
25923,-1746,3778,1
25933,754,3172,1
25942,-4629,3462,1
25952,-3671,3503,1
25961,-614,2924,1
25971,5295,3398,1
25980,-5593,3836,1
25990,8508,4769,1
25999,-3776,4570,1
26009,-1815,4019,1
26019,4054,4025,1
26028,-5130,4246,1
26038,-4606,4317,1
26047,5551,4563,1
26057,-1696,3989,1
26066,1958,3582,1
26076,-137,2892,1
26085,307,2374,1
26095,-1774,2253,1
26104,1064,2014,1
26114,214,1653,1
26123,-769,1475,1
26133,1110,1402,1
26142,5046,2130,1
26152,-1701,2044,1
26161,3463,2327,1
26171,1957,2252,1
26180,323,1865,1
26190,8767,3245,1
26199,-1666,2929,1
26209,-433,2429,1
26218,-4104,2763,1
26228,-2259,2661,1
26237,-437,2215,1
26247,1333,2038,1
26256,1506,1931,1
26266,3034,2150,1
26275,2658,2251,1
26285,606,1921,1
26294,-333,1602,1
26304,1292,1539,1
26313,-1588,1548,1
26323,1677,1573,1
26332,340,1326,1
26342,-253,1110,1
26351,1398,1167,1
26361,535,1040,1
26370,-627,957,1
26380,226,810,1
26389,-77,663,1
26399,551,640,1
26409,96,531,1
26418,-436,511,1
26428,62,420,1
26437,297,395,1
26447,-516,419,1
26456,-371,409,1
26466,-145,356,1
26475,4309,1145,1
26485,3413,1598,1
26494,-4668,2211,1
26504,4375,2643,1
26513,1505,2415,1
26523,-1790,2290,1
26532,-5767,2985,1
26542,-4574,3302,1
26551,-3131,3267,1
26561,1664,2945,1
26570,4167,3189,1
26580,5256,3602,1
26589,2153,3311,1
26599,1556,2959,1
26608,2950,2957,1
26618,3861,3137,1
26627,2677,3044,1
26637,2843,3003,1
26646,3248,3051,1
26656,2775,2995,1
26665,4101,3216,1
26675,2282,3028,1
26684,-169,2455,1
26694,101,1984,1
26703,-1029,1792,1
26713,-379,1508,1
26722,-37,1213,1
26732,-410,1052,1
26741,-385,918,1
26751,-773,888,1
26760,-623,834,1
26770,-503,767,1
26779,1379,888,1
26789,-3759,1461,1
26799,-258,1219,1
26808,4381,1851,1
26818,43,1488,1
26827,-3425,1875,1
26837,526,1605,1
26846,-2614,1806,1
26856,-4584,2360,1
26865,-5815,3051,1
26875,-3969,3233,1
26884,-3355,3257,1
26894,-3732,3351,1
26903,-2611,3202,1
26913,-243,2609,1
26922,-901,2267,1
26932,-1814,2175,1
26941,-638,1867,1
26951,-808,1654,1
26960,182,1359,1
26970,-3440,1775,1
26979,-4576,2335,1
26989,-6029,3073,1
26998,-5890,3636,1
27008,-4222,3752,1
27017,-3118,3624,1
27027,-3310,3561,1
27036,-2719,3391,1
27046,-1875,3087,1
27055,-597,2588,1
27065,757,2221,1
27074,-492,1874,1
27084,344,1567,1
27093,336,1320,1
27103,170,1090,1
27112,861,1044,1
27122,1102,1055,1
27131,486,941,1
27141,-646,881,1
27150,523,808,1
27160,54,656,1
27169,-638,651,1
27179,-596,639,1
27189,-299,570,1
27198,190,494,1
27208,557,506,1
27217,176,439,1
27227,1011,553,1
27236,-3826,1207,1
27246,3423,1649,1
27255,-5798,2478,1
27265,-4679,2917,1
27274,-2187,2770,1
27284,-2676,2751,1
27293,-740,2348,1
27303,1213,2120,1
27312,-141,1724,1
27322,-840,1547,1
27331,-1565,1550,1
27341,-369,1313,1
27350,-195,1089,1
27360,749,1020,1
27369,-1150,1046,1
27379,1119,1059,1
27388,-434,933,1
27398,-5,747,1
27407,2549,1106,1
27417,1378,1159,1
27426,1099,1146,1
27436,2415,1399,1
27445,1876,1494,1
27455,1068,1408,1
27464,992,1324,1
27474,461,1151,1
27483,-405,1001,1
27493,43,808,1
27502,468,739,1
27512,337,658,1
27521,-298,585,1
27531,-524,572,1
27540,236,504,1
27550,196,442,1
27560,-336,420,1
27569,289,393,1
27579,733,460,1
27588,691,506,1
27598,143,432,1
27607,102,365,1
27617,-20,296,1
27626,-49,245,1
27636,217,239,1
27645,287,248,1
27655,41,206,1
27664,-27,169,1
27674,-278,190,1
27683,-118,175,1
27693,204,180,1
27702,-621,268,1
27712,-119,237,1
27721,785,346,1
27731,387,353,1
27740,117,305,1
27750,260,296,1
27759,14,238,1
27769,-58,201,1
27778,-141,188,1
27788,383,226,1
27797,331,246,1
27807,-52,206,1
27816,386,241,1
27826,428,277,1
27835,273,275,1
27845,353,290,1
27854,21,236,1
27864,364,260,1
27873,-45,217,1
27883,-44,181,1
27892,-133,170,1
27902,3,136,1
27911,362,180,1
27921,98,163,1
27930,565,243,1
27940,264,246,1
27950,264,248,1
27959,52,208,1
27969,85,183,1
27978,608,267,1
27988,594,331,1
27997,275,319,1
28007,263,307,1
28124,-285,279,0
28134,420,307,0
28143,87,262,0
28153,-341,277,0
28162,294,279,0
28172,-3,223,0
28181,131,204,0
28191,546,272,0
28200,311,279,0
28210,-242,271,0
28219,-86,233,0
28229,164,218,0
28238,245,223,0
28248,193,216,0
28257,314,234,0
28267,594,305,0
28276,219,287,0
28286,-46,238,0
28295,726,335,0
28305,248,317,0
28315,318,316,0
28324,582,368,0
28334,891,472,0
28343,374,451,0
28353,590,478,0
28362,321,446,0
28372,477,451,0
28381,458,451,0
28391,349,429,0
28400,1047,552,0
28410,451,531,0
28419,322,488,0
28429,260,442,0
28438,360,425,0
28448,224,384,0
28457,218,350,0
28467,434,366,0
28476,59,303,0
28486,402,322,0
28495,75,272,0
28505,216,260,0
28514,228,253,0
28524,190,240,0
28533,309,253,0
28543,613,324,0
28552,333,325,0
28562,289,317,0
28571,85,270,0
28581,198,255,0
28590,39,211,0
28600,-17,171,0
28609,451,226,0
28619,304,240,0
28628,-129,217,0
28638,403,253,0
28647,482,298,0
28657,191,276,0
28666,-41,228,0
28676,153,212,0
28685,2,169,0
28695,147,164,0
28705,190,169,0
28714,277,190,0
28724,53,162,0
28733,84,145,0
28743,247,165,0
28752,-34,138,0
28762,340,178,0
28771,156,173,0
28781,193,176,0
28790,428,225,0
28800,-36,187,0
28809,-117,172,0
28819,1,137,0
28828,-201,149,0
28838,420,203,0
28847,707,303,0
28857,479,337,0
28866,516,372,0
28876,-178,332,0
28885,-113,287,0
28895,249,278,0
28904,137,249,0
28914,-65,212,0
28923,-48,178,0
28933,48,151,0
28942,189,157,0
28952,122,149,0
28961,303,179,0
28971,323,207,0
28980,133,191,0
28990,-171,186,0
28999,293,206,0
29009,161,196,0
29018,-407,237,0
29028,-56,200,0
29037,-153,190,0
29047,-296,211,0
29056,205,209,0
29066,29,172,0
29076,168,170,0
29085,145,165,0
29095,-13,134,0
29104,391,185,0
29114,-174,182,0
29123,-53,155,0
29133,555,235,0
29142,56,199,0
29152,673,293,0
29161,139,261,0
29171,194,246,0
29180,361,268,0
29190,-230,260,0
29199,163,240,0
29209,172,226,0
29218,39,187,0
29228,394,227,0
29237,44,189,0
29247,-334,217,0
29256,-66,186,0
29266,4,148,0
29275,-88,135,0
29285,210,150,0
29294,148,149,0
29304,167,152,0
29313,100,141,0
29323,203,152,0
29332,-272,175,0
29342,73,154,0
29351,56,134,0
29361,-166,140,0
29370,56,123,0
29380,-284,154,0
29389,-136,150,0
29399,310,182,0
29408,-9,146,0
29418,41,124,0
29427,88,116,0
29437,133,118,0
29447,-237,141,0
29456,144,140,0
29466,173,146,0
29475,-195,155,0
29485,271,178,0
29494,249,191,0
29504,485,249,0
29513,284,255,0
29523,58,215,0
29532,-120,196,0
29542,38,163,0
29551,-112,152,0
29561,-119,144,0
29570,93,133,0
29580,-111,128,0
29589,-286,159,0
29599,-434,213,0
29608,-83,186,0
29618,-62,160,0
29627,-285,185,0
29637,-431,234,0
29646,67,200,0
29656,-139,187,0
29665,-328,214,0
29675,43,179,0
29684,-103,163,0
29694,23,134,0
29703,-25,112,0
29713,23,93,0
29722,-299,133,0
29732,72,120,0
29741,261,148,0
29751,5,119,0
29760,-81,111,0
29770,-152,118,0
29779,-255,145,0
29789,-395,195,0
29798,-159,187,0
29808,-130,175,0
29817,170,174,0
29827,-16,142,0
29837,-333,179,0
29846,-207,184,0
29856,148,176,0
29865,-440,228,0
29875,-361,254,0
29884,346,272,0
29894,486,314,0
29903,415,334,0
29913,1082,483,0
29922,268,439,0
29932,-367,424,0
29941,368,412,0
29951,394,407,0
29960,-99,344,0
29970,467,368,0
29979,80,310,0
29989,-412,330,0
29998,-415,347,0
30008,63,289,0
30017,-125,256,0
30027,-270,258,0
30036,111,228,0
30046,-289,239,0
30055,22,195,0
30065,-164,188,0
30074,-201,190,0
30084,72,166,0
30093,-482,228,0
30103,-459,273,0
30112,43,226,0
30122,-335,247,0
30131,-621,321,0
30141,-171,290,0
30150,-106,253,0
30160,-503,302,0
30169,-404,321,0
30179,114,278,0
30188,-118,245,0
30198,-339,263,0
30208,-167,243,0
30217,-190,232,0
30227,-117,208,0
30236,-156,197,0
30246,182,193,0
30255,-64,166,0
30265,-101,152,0
30274,141,149,0
30284,-67,132,0
30293,-90,123,0
30303,78,113,0
30312,133,116,0
30322,-271,146,0
30331,446,205,0
30341,-114,186,0
30350,-355,219,0
30360,-623,299,0
30369,-73,253,0
30379,-184,238,0
30388,166,223,0
30398,525,283,0
30407,114,248,0
30417,417,281,0
30426,-89,241,0
30436,-216,235,0
30445,13,190,0
30455,-443,240,0
30464,-174,226,0
30474,-113,202,0
30483,59,172,0
30493,348,206,0
30502,-33,170,0
30512,-330,202,0
30521,-166,194,0
30531,-361,227,0
30540,-247,230,0
30550,20,188,0
30559,11,152,0
30569,140,149,0
30579,255,170,0
30588,185,173,0
30598,164,170,0
30607,353,206,0
30617,345,233,0
30626,191,224,0
30636,474,273,0
30645,77,233,0
30655,454,276,0
30664,207,261,0
30674,15,211,0
30683,278,223,0
30693,8,179,0
30702,-20,147,0
30712,118,140,0
30721,153,142,0
30731,136,140,0
30740,419,195,0
30750,-63,168,0
30759,-170,168,0
30769,208,175,0
30778,-57,151,0
30788,89,137,0
30797,86,126,0
30807,-2,100,0
30816,196,119,0
30826,35,102,0
30835,156,112,0
30845,127,114,0
30854,-149,120,0
30864,305,157,0
30873,261,177,0
30883,303,201,0
30892,327,225,0
30902,549,289,0
30911,0,231,0
30921,372,258,0
30930,-15,209,0
30940,-46,176,0
30949,-25,145,0
30959,237,163,0
30969,325,195,0
30978,393,234,0
30988,183,223,0
30997,58,189,0
31007,-14,153,0
31016,10,124,0
31026,435,186,0
31035,416,231,0
31045,177,219,0
31054,208,216,0
31064,408,253,0
31073,53,212,0
31083,-57,180,0
31092,381,220,0
31102,173,210,0
31111,30,174,0
31121,217,182,0
31130,157,176,0
31140,-183,176,0
31149,63,152,0
31159,-187,158,0
31168,-70,140,0
31178,-227,157,0
31187,-45,134,0
31197,79,122,0
31206,-55,108,0
31216,55,97,0
31225,52,87,0
31235,237,116,0
31244,75,107,0
31254,210,127,0
31263,106,122,0
31273,-36,104,0
31282,-29,88,0
31292,205,111,0
31301,259,139,0
31311,-120,135,0
31320,246,157,0
31330,-295,184,0
31340,64,159,0
31349,31,133,0
31359,142,134,0
31368,-44,115,0
31378,172,126,0
31387,65,113,0
31397,-117,113,0
31406,-34,96,0
31416,-243,124,0
31425,-373,173,0
31435,-239,185,0
31444,-141,176,0
31454,-162,172,0
31463,-9,138,0
31473,51,120,0
31482,-247,145,0
31492,4,116,0
31501,-248,141,0
31511,169,145,0
31520,38,123,0
31530,-4,98,0
31539,-85,95,0
31549,33,82,0
31558,-15,68,0
31568,143,82,0
31577,180,101,0
31587,73,94,0
31596,324,139,0
31606,418,194,0
31615,55,166,0
31625,302,192,0
31634,212,195,0
31644,-293,214,0
31653,-31,177,0
31663,53,151,0
31672,-281,176,0
31682,-179,175,0
31691,-112,162,0
31701,46,138,0
31711,139,137,0
31720,124,133,0
31730,-168,139,0
31739,-43,119,0
31749,203,135,0
31758,-316,171,0
31768,-152,166,0
31777,-187,169,0
31787,-228,180,0
31796,-120,168,0
31806,-533,240,0
31815,-342,260,0
31825,-548,317,0
31834,-509,354,0
31844,-88,300,0
31853,-191,278,0
31863,117,245,0
31872,-277,251,0
31882,-231,246,0
31891,-391,274,0
31901,-421,303,0
31910,-494,340,0
31920,-123,296,0
31929,29,241,0
31939,236,239,0
31948,352,261,0
31958,48,217,0
31967,211,215,0
31977,-180,208,0
31986,-431,252,0
31996,11,203,0
32005,98,181,0
32015,-158,175,0
32024,582,256,0
32034,-308,265,0
32043,-74,226,0
32053,-471,274,0
32062,-448,308,0
32072,-445,335,0
32081,-122,292,0
32091,-9,234,0
32101,-160,219,0
32110,116,198,0
32120,55,169,0
32129,78,150,0
32139,-64,132,0
32148,148,134,0
32158,197,146,0
32167,144,144,0
32177,125,140,0
32186,452,202,0
32196,59,172,0
32205,102,157,0
32215,71,139,0
32224,418,194,0
32234,99,174,0
32243,338,206,0
32253,184,200,0
32262,-164,192,0
32272,336,220,0
32281,464,268,0
32291,-394,292,0
32300,-8,234,0
32310,-13,189,0
32319,83,167,0
32329,218,176,0
32338,298,199,0
32348,402,239,0
32357,11,193,0
32367,198,193,0
32376,351,224,0
32386,123,203,0
32395,-51,172,0
32405,345,206,0
32414,365,237,0
32424,225,234,0
32433,147,216,0
32443,92,190,0
32452,47,161,0
32462,204,168,0
32472,-9,135,0
32481,-18,111,0
32491,12,90,0
32500,65,85,0
32510,58,79,0
32519,171,97,0
32529,-179,112,0
32538,-124,113,0
32548,202,130,0
32557,34,110,0
32567,-240,136,0
32576,-20,112,0
32586,50,99,0
32595,-136,106,0
32605,94,102,0
32614,87,98,0
32624,238,125,0
32633,760,252,0
32643,-195,240,0
32652,-184,228,0
32662,-167,215,0
32671,-102,192,0
32681,-249,202,0
32690,472,255,0
32700,-12,206,0
32709,-127,189,0
32719,93,169,0
32728,134,161,0
32738,-296,187,0
32747,-60,161,0
32757,488,225,0
32766,397,259,0
32776,145,236,0
32785,100,208,0
32795,-268,219,0
32804,-486,272,0
32814,-193,255,0
32823,33,210,0
32833,18,171,0
32843,-360,208,0
32852,-506,267,0
32862,-129,238,0
32871,-406,271,0
32881,-69,229,0
32890,111,205,0
32900,-239,211,0
32909,-349,237,0
32919,272,243,0
32928,-33,200,0
32938,-6,161,0
32947,-35,135,0
32957,311,170,0
32966,-178,171,0
32976,-47,145,0
32985,249,165,0
32995,423,216,0
33004,154,202,0
33014,345,230,0
33023,0,184,0
33033,118,170,0
33042,433,222,0
33052,8,178,0
33061,-156,173,0
33071,258,189,0
33080,100,171,0
33090,47,145,0
33099,-365,189,0
33109,58,162,0
33118,-88,146,0
33128,-679,251,0
33137,348,269,0
33147,174,249,0
33156,-448,288,0
33166,350,300,0
33175,382,316,0
33185,-165,285,0
33194,-78,243,0
33204,-61,206,0
33213,193,202,0
33223,-141,189,0
33233,473,245,0
33242,262,248,0
33252,170,232,0
33261,201,225,0
33271,205,221,0
33280,1,176,0
33290,6,141,0
33299,207,153,0
33309,285,179,0
33318,-6,144,0
33328,486,212,0
33337,709,310,0
33347,269,301,0
33356,-22,244,0
33366,-41,203,0
33375,101,182,0
33385,68,158,0
33394,-46,135,0
33404,142,136,0
33413,-112,130,0
33423,78,119,0
33432,201,135,0
33442,129,133,0
33451,42,114,0
33461,-12,93,0
33470,198,113,0
33480,253,140,0
33489,141,140,0
33499,-7,113,0
33508,-150,120,0
33518,-29,101,0
33527,-444,168,0
33537,-187,171,0
33546,-66,149,0
33556,0,119,0
33565,-40,103,0
33575,-73,96,0
33584,-280,132,0
33594,47,114,0
33604,306,152,0
33613,-247,170,0
33623,-259,187,0
33632,-183,185,0
33642,155,179,0
33651,-105,164,0
33661,-130,157,0
33670,128,150,0
33680,73,134,0
33689,282,163,0
33699,302,190,0
33708,16,155,0
33718,279,179,0
33727,-144,171,0
33737,26,141,0
33746,377,187,0
33756,19,152,0
33765,-75,136,0
33775,-226,153,0
33784,145,151,0
33794,124,144,0
33803,89,132,0
33813,140,133,0
33822,101,126,0
33832,128,125,0
33841,-132,126,0
33851,4,100,0
33860,-48,89,0
33870,108,92,0
33879,-80,89,0
33889,2,71,0
33898,199,95,0
33908,288,133,0
33917,-395,185,0
33927,82,164,0
33936,381,207,0
33946,151,195,0
33955,56,167,0
33965,-2,133,0
33974,-91,124,0
33984,99,118,0
33994,-283,150,0
34003,-191,158,0
34013,333,192,0
34022,409,234,0
34032,294,245,0
34041,196,235,0
34051,133,214,0
34060,102,191,0
34070,77,167,0
34079,200,173,0
34089,243,186,0
34098,-228,193,0
34108,-102,174,0
34117,314,201,0
34127,322,224,0
34136,-131,205,0
34146,199,203,0
34155,44,170,0
34165,101,156,0
34174,18,127,0
34184,-104,121,0
34193,124,120,0
34203,61,108,0
34212,112,108,0
34222,13,88,0
34231,-131,96,0
34241,-234,122,0
34250,35,104,0
34260,130,109,0
34269,-330,153,0
34279,137,149,0
34288,-15,122,0
34298,35,104,0
34307,-89,100,0
34317,131,106,0
34326,-1,84,0
34336,189,104,0
34345,-47,92,0
34355,-116,96,0
34365,210,118,0
34374,8,95,0
34384,259,127,0
34393,223,145,0
34403,55,127,0
34412,182,137,0
34422,133,135,0
34431,132,134,0
34441,263,159,0
34450,381,203,0
34460,589,279,0
34469,-113,245,0
34479,143,224,0
34488,-9,180,0
34498,265,197,0
34507,7,158,0
34517,144,154,0
34526,5,124,0
34536,-215,142,0
34545,228,158,0
34555,68,139,0
34564,-116,134,0
34574,90,125,0
34583,-242,148,0
34593,-180,154,0
34602,-45,132,0
34612,-230,151,0
34621,83,136,0
34631,-121,132,0
34640,-134,131,0
34650,94,122,0
34659,-94,115,0
34669,2,92,0
34678,-50,83,0
34688,222,110,0
34697,324,152,0
34707,-353,191,0
34716,250,202,0
34726,-69,174,0
34736,-212,181,0
34745,-86,161,0
34755,94,146,0
34764,-94,134,0
34774,104,127,0
34783,497,200,0
34793,118,183,0
34802,187,183,0
34812,-59,157,0
34821,49,134,0
34831,166,140,0
34840,0,112,0
34850,276,144,0
34859,56,126,0
34869,39,107,0
34878,22,89,0
34888,115,94,0
34897,-57,86,0
34907,539,175,0
34916,128,165,0
34926,-136,159,0
34935,440,215,0
34945,73,186,0
34954,-31,154,0
34964,127,148,0
34973,188,155,0
34983,-124,148,0
34992,-263,170,0
35002,-117,159,0
35011,35,134,0
35021,192,145,0
35030,-202,156,0
35040,-316,187,0
35049,-86,166,0
35059,-337,199,0
35068,-183,195,0
35078,-36,163,0
35087,-157,161,0
35097,-442,216,0
35106,-69,185,0
35116,-300,208,0
35126,-116,189,0
35135,6,152,0
35145,-174,155,0
35154,-405,205,0
35164,-88,181,0
35173,144,172,0
35183,-286,194,0
35192,-302,215,0
35202,219,215,0
35211,323,236,0
35221,-126,213,0
35230,-371,244,0
35240,516,298,0
35249,131,264,0
35259,-87,228,0
35268,-3298,841,0
35278,-1643,1000,0
35287,-954,990,0
35297,-1723,1136,0
35306,-538,1015,0
35316,-2589,1329,0
35325,1127,1288,0
35335,-1636,1357,0
35344,380,1161,0
35354,810,1090,0
35363,-292,930,0
35373,-806,905,0
35382,350,794,0
35392,522,739,0
35401,487,688,0
35411,1294,808,0
35420,163,678,0
35430,-209,583,0
35439,736,613,0
35449,-1973,884,0
35458,264,759,0
35468,-59,618,0
35477,-268,547,0
35487,581,553,0
35497,30,448,0
35506,-696,497,0
35516,43,405,0
35525,158,355,0
35535,-272,338,0
35544,-298,329,0
35554,-156,294,0
35563,438,322,0
35573,-170,291,0
35582,238,279,0
35592,96,242,0
35601,-330,259,0
35611,-406,288,0
35620,-173,264,0
35630,99,230,0
35639,-91,202,0
35649,77,176,0
35658,112,162,0
35668,-308,190,0
35677,-152,182,0
35687,-297,204,0
35696,-435,250,0
35706,-60,212,0
35715,134,195,0
35725,321,220,0
35734,193,214,0
35744,240,219,0
35753,-241,223,0
35763,-243,226,0
35772,-397,259,0
35782,-145,236,0
35791,-38,195,0
35801,-137,183,0
35810,129,171,0
35820,76,151,0
35829,-170,154,0
35839,-89,140,0
35848,-82,128,0
35858,-47,111,0
35867,163,120,0
35877,246,145,0
35887,-83,132,0
35896,37,112,0
35906,-287,146,0
35915,38,123,0
35925,213,140,0
35934,105,133,0
35944,446,195,0
35953,263,208,0
35963,271,220,0
35972,807,337,0
35982,324,333,0
35991,324,330,0
36001,92,282,0
36010,-108,246,0
36020,338,263,0
36029,-183,246,0
36039,7,197,0
36048,338,224,0
36058,160,211,0
36067,-32,174,0
36077,-47,148,0
36086,-362,190,0
36096,-68,165,0
36105,-231,178,0
36115,-67,155,0
36124,51,134,0
36134,-69,120,0
36143,451,186,0
36153,-165,181,0
36162,53,154,0
36172,128,148,0
36181,51,128,0
36191,114,124,0
36200,99,118,0
36210,-417,177,0
36219,-282,197,0
36229,-22,161,0
36238,-27,133,0
36248,-44,114,0
36258,-221,135,0
36267,124,132,0
36277,179,140,0
36286,226,157,0
36296,-89,142,0
36305,339,180,0
36315,-244,192,0
36324,181,189,0
36334,-35,158,0
36343,261,178,0
36353,-22,146,0
36362,56,127,0
36372,39,108,0
36381,-225,131,0
36391,-119,127,0
36400,249,150,0
36410,13,122,0
36419,434,183,0
36429,309,207,0
36438,471,259,0
36448,48,216,0
36457,373,246,0
36467,157,227,0
36476,-21,185,0
36486,-6632,1474,0
36495,-930,1365,0
36505,4332,1958,0
36514,2280,2022,0
36524,634,1743,0
36533,2512,1896,1
36543,1033,1722,1
36552,791,1535,1
36562,607,1349,1
36571,769,1232,1
36581,-258,1036,1
36590,-1116,1051,1
36600,483,936,1
36609,-179,783,1
36619,-208,667,1
36629,-766,686,1
36638,-438,635,1
36648,-267,561,1
36657,216,491,1
36667,-1021,596,1
36676,-107,497,1
36686,-722,541,1
36695,-354,502,1
36705,533,507,1
36714,-149,434,1
36724,483,443,1
36733,84,370,1
36743,-86,313,1
36752,128,275,1
36762,603,340,1
36771,513,374,1
36781,-37,306,1
36790,197,283,1
36800,382,302,1
36809,336,308,1
36819,466,339,1
36828,545,380,1
36838,534,410,1
36847,681,464,1
36857,43,379,1
36866,408,384,1
36876,45,316,1
36885,80,268,1
36895,15,217,1
36904,-79,188,1
36914,309,211,1
36923,-14,170,1
36933,-491,234,1
36942,-112,209,1
36952,10,169,1
36961,-188,172,1
36971,30,143,1
36980,-280,170,1
36990,-118,159,1
36999,-33,133,1
37009,-26,111,1
37019,122,112,1
37028,-152,119,1
37038,80,111,1
37047,23,92,1
37057,76,88,1
37066,-198,109,1
37076,-51,97,1
37085,111,99,1
37095,-193,117,1
37104,-194,131,1
37114,-175,139,1
37123,-116,134,1
37133,146,136,1
37142,171,142,1
37152,-165,146,1
37161,183,152,1
37171,-99,140,1
37180,-2,112,1
37190,302,149,1
37199,38,126,1
37209,-60,112,1
37218,38,96,1
37228,211,118,1
37237,65,107,1
37247,-7,86,1
37256,227,113,1
37266,-126,115,1
37275,44,100,1
37285,-144,108,1
37294,116,109,1
37304,-144,115,1
37313,188,129,1
37323,-90,121,1
37332,-309,157,1
37342,178,160,1
37351,21,132,1
37361,72,119,1
37370,-56,106,1
37380,240,132,1
37390,178,140,1
37399,-70,126,1
37409,-67,113,1
37418,-46,99,1
37428,-37,86,1
37437,-538,175,1
37447,-85,157,1
37456,-260,177,1
37466,-34,147,1
37475,-157,148,1
37485,-102,138,1
37494,74,124,1
37504,-30,105,1
37513,-161,116,1
37523,-194,130,1
37532,-29,109,1
37542,79,102,1
37551,280,137,1
37561,192,147,1
37570,225,162,1
37580,-130,155,1
37589,-299,183,1
37599,-285,203,1
37608,-571,276,1
37618,-118,243,1
37627,-147,223,1
37637,-204,218,1
37646,-398,253,1
37656,-332,268,1
37665,-546,323,1
37675,-551,368,1
37684,-92,312,1
37802,-217,277,0
37812,46,230,0
37821,-162,216,0
37831,130,198,0
37840,-122,182,0
37850,-179,180,0
37859,235,191,0
37869,165,185,0
37878,-247,197,0
37888,-143,185,0
37897,-278,203,0
37907,-318,225,0
37916,-146,209,0
37926,302,227,0
37935,-75,196,0
37945,-182,192,0
37954,-465,246,0
37964,31,202,0
37973,24,165,0
37983,-186,169,0
37992,-243,183,0
38002,-113,168,0
38011,165,167,0
38021,-415,216,0
38030,-188,209,0
38040,-403,247,0
38049,-284,253,0
38059,-214,244,0
38068,83,211,0
38078,-279,223,0
38087,-223,222,0
38097,-335,244,0
38106,-157,226,0
38116,-460,272,0
38125,-275,272,0
38135,-403,297,0
38144,-234,283,0
38154,-518,329,0
38164,-297,322,0
38173,-501,357,0
38183,-260,337,0
38192,-290,327,0
38202,-432,347,0
38211,-215,320,0
38221,-229,301,0
38230,-357,311,0
38240,-141,276,0
38249,277,275,0
38259,-116,243,0
38268,84,210,0
38278,111,190,0
38287,-61,164,0
38297,101,151,0
38306,88,137,0
38316,115,132,0
38325,-53,115,0
38335,-12,94,0
38344,-197,114,0
38354,-80,107,0
38363,-329,150,0
38373,-183,156,0
38382,347,193,0
38392,-218,197,0
38401,-252,207,0
38411,319,228,0
38420,-94,200,0
38430,10,162,0
38439,97,148,0
38449,270,172,0
38458,96,156,0
38468,137,151,0
38477,-577,235,0
38487,509,289,0
38496,-591,349,0
38506,283,335,0
38515,0,268,0
38525,-244,262,0
38535,275,264,0
38544,239,258,0
38554,-48,215,0
38563,156,203,0
38573,-98,181,0
38582,-449,233,0
38592,-354,256,0
38601,-110,226,0
38611,-371,254,0
38620,182,239,0
38630,-626,316,0
38639,-500,352,0
38649,-385,358,0
38658,-487,383,0
38668,-74,320,0
38677,-97,275,0
38687,-102,240,0
38696,-163,224,0
38706,-684,315,0
38715,-892,430,0
38725,-71,358,0
38734,-46,295,0
38744,-85,253,0
38753,-216,245,0
38763,-6,197,0
38772,-109,178,0
38782,-510,244,0
38791,-189,232,0
38801,-604,305,0
38810,157,275,0
38820,214,262,0
38829,-331,275,0
38839,-427,305,0
38848,71,258,0
38858,-81,222,0
38867,-552,287,0
38877,244,277,0
38886,112,243,0
38896,505,295,0
38906,-71,250,0
38915,-226,245,0
38925,-134,222,0
38934,-137,204,0
38944,2803,723,0
38953,-1227,823,0
38963,-860,830,0
38972,1668,997,0
38982,3,797,0
38991,1052,847,0
39001,-331,743,0
39010,496,693,0
39020,205,595,0
39029,49,485,0
39039,602,508,0
39048,182,442,0
39058,183,389,0
39067,-191,349,0
39077,-346,348,0
39086,113,300,0
39096,-89,257,0
39105,-76,220,0
39115,-189,213,0
39124,-382,246,0
39134,-360,268,0
39143,-442,302,0
39153,138,268,0
39162,205,255,0
39172,-168,237,0
39181,146,218,0
39191,-102,194,0
39200,102,175,0
39210,105,161,0
39219,-357,199,0
39229,-109,180,0
39238,189,181,0
39248,392,222,0
39257,248,226,0
39267,94,198,0
39276,323,222,0
39286,-8,178,0
39296,-103,162,0
39305,351,199,0
39315,-468,252,0
39324,148,230,0
39334,897,363,0
39343,132,316,0
39353,799,411,0
39362,365,401,0
39372,307,381,0
39381,-344,372,0
39391,-150,327,0
39400,136,288,0
39410,355,301,0
39419,347,309,0
39429,83,263,0
39438,308,271,0
39448,316,279,0
39457,488,320,0
39467,287,313,0
39476,-232,296,0
39486,-234,282,0
39495,-114,247,0
39505,96,216,0
39514,-42,180,0
39524,294,202,0
39533,298,220,0
39543,-119,199,0
39552,-46,168,0
39562,94,152,0
39571,57,132,0
39581,-77,120,0
39590,-18,99,0
39600,184,115,0
39609,133,118,0
39619,-149,123,0
39628,-26,103,0
39638,-267,135,0
39647,-317,171,0
39657,-71,150,0
39667,-12,122,0
39676,-109,118,0
39686,-300,154,0
39695,-292,181,0
39705,-480,240,0
39714,-37,199,0
39724,189,196,0
39733,-233,202,0
39743,-67,174,0
39752,99,158,0
39762,216,169,0
39771,-429,220,0
39781,59,187,0
39790,-247,198,0
39800,-35,165,0
39809,111,154,0
39819,322,187,0
39828,-101,169,0
39838,69,148,0
39847,-35,125,0
39857,-312,162,0
39866,231,175,0
39876,-94,158,0
39885,-419,209,0
39895,189,204,0
39904,-157,194,0
39914,237,202,0
39923,95,180,0
39933,-269,197,0
39942,114,179,0
39952,-496,242,0
39961,-63,205,0
39971,9,165,0
39980,22,136,0
39990,-36,115,0
39999,196,131,0
40009,317,167,0
40018,381,209,0
40028,179,202,0
40037,-307,222,0
40047,-107,198,0
40057,-206,199,0
40066,-54,169,0
40076,550,245,0
40085,197,235,0
40095,168,221,0
40104,237,223,0
40114,159,209,0
40123,42,175,0
40133,-82,156,0
40142,6,125,0
40152,537,207,0
40161,218,208,0
40171,426,251,0
40180,307,261,0
40190,-66,221,0
40199,-173,210,0
40209,91,186,0
40218,-137,175,0
40228,223,184,0
40237,287,204,0
40247,187,200,0
40256,52,170,0
40266,-94,154,0
40275,54,133,0
40285,33,112,0
40294,30,95,0
40304,-120,100,0
40313,14,82,0
40323,143,93,0
40332,-235,121,0
40342,-41,104,0
40351,157,114,0
40361,40,99,0
40370,-10,81,0
40380,-17,67,0
40389,-76,68,0
40399,-13,56,0
40408,367,117,0
40418,-70,107,0
40428,340,153,0
40437,222,166,0
40447,26,137,0
40456,-2,109,0
40466,58,98,0
40475,155,109,0
40485,340,155,0
40494,-103,144,0
40504,-26,120,0
40513,-21,100,0
40523,-92,98,0
40532,-137,105,0
40542,-116,107,0
40551,-85,102,0
40561,-42,89,0
40570,192,109,0
40580,171,121,0
40589,388,173,0
40599,176,173,0
40608,161,170,0
40618,298,195,0
40627,-127,181,0
40637,21,148,0
40646,42,126,0
40656,-90,118,0
40665,416,177,0
40675,181,177,0
40684,-167,174,0
40694,131,165,0
40703,84,148,0
40713,225,163,0
40722,473,224,0
40732,210,221,0
40741,454,266,0
40751,41,220,0
40760,104,196,0
40770,117,179,0
40779,334,209,0
40789,78,182,0
40799,135,172,0
40808,168,170,0
40818,405,217,0
40827,124,197,0
40837,-252,207,0
40846,-486,262,0
40856,6,210,0
40865,11,170,0
40875,-289,193,0
40884,242,202,0
40894,56,172,0
40903,-308,198,0
40913,-124,182,0
40922,-7,146,0
40932,-104,136,0
40941,170,142,0
40951,-32,119,0
40960,308,156,0
40970,150,154,0
40979,15,126,0
40989,276,155,0
40998,262,176,0
41008,-609,261,0
41017,-229,253,0
41027,-5,203,0
41036,379,237,0
41046,79,204,0
41055,238,210,0
41065,354,238,0
41074,0,190,0
41084,202,192,0
41093,-507,254,0
41103,181,239,0
41112,-89,208,0
41122,-392,244,0
41131,279,250,0
41141,31,206,0
41150,-19,167,0
41160,69,146,0
41170,92,134,0
41179,-16,110,0
41189,52,98,0
41198,251,128,0
41208,93,120,0
41217,-433,182,0
41227,215,188,0
41236,355,221,0
41246,41,184,0
41255,-157,178,0
41265,-36,149,0
41274,132,145,0
41284,-256,167,0
41293,367,206,0
41303,223,208,0
41312,11,168,0
41322,432,220,0
41331,389,253,0
41341,333,268,0
41350,497,313,0
41360,332,316,0
41369,514,354,0
41379,303,343,0
41388,43,282,0
41398,128,250,0
41407,-30,206,0
41417,-365,237,0
41426,82,205,0
41436,-184,200,0
41445,-31,166,0
41455,-124,156,0
41464,-13,126,0
41474,93,118,0
41483,118,117,0
41493,-104,113,0
41502,-17,93,0
41512,-172,108,0
41521,-289,143,0
41531,-307,175,0
41540,366,213,0
41550,272,224,0
41560,-329,244,0
41569,-259,246,0
41579,-87,213,0
41588,-386,247,0
41598,-318,260,0
41607,139,235,0
41617,-87,205,0
41626,71,178,0
41636,6,143,0
41645,47,123,0
41655,260,150,0
41664,-45,129,0
41674,-202,143,0
41683,251,164,0
41693,-108,152,0
41702,-123,145,0
41712,259,167,0
41721,-300,193,0
41731,125,179,0
41740,244,191,0
41750,-59,163,0
41759,193,168,0
41769,-259,185,0
41778,-73,162,0
41788,265,182,0
41797,83,161,0
41807,182,164,0
41816,459,222,0
41826,46,186,0
41835,203,188,0
41845,-34,156,0
41854,342,192,0
41864,180,189,0
41873,419,234,0
41883,368,260,0
41892,-51,218,0
41902,185,211,0
41911,116,191,0
41921,111,174,0
41931,234,185,0
41940,-11,150,0
41950,217,163,0
41959,87,147,0
41969,76,132,0
41978,277,160,0
41988,-248,177,0
41997,-126,166,0
42007,60,144,0
42016,-168,148,0
42026,16,121,0
42035,119,119,0
42045,62,107,0
42054,221,129,0
42064,465,196,0
42073,216,199,0
42083,230,205,0
42092,128,189,0
42102,289,208,0
42111,73,180,0
42121,128,169,0
42130,731,281,0
42140,247,273,0
42149,133,244,0
42159,426,280,0
42168,213,266,0
42178,69,225,0
42187,140,208,0
42197,-282,222,0
42206,-52,187,0
42216,-25,154,0
42225,-2,123,0
42235,8,99,0
42244,499,178,0
42254,296,201,0
42263,-159,191,0
42273,127,177,0
42282,-91,159,0
42292,5,128,0
42302,576,217,0
42311,251,223,0
42321,-82,194,0
42330,424,239,0
42340,173,225,0
42349,-13,182,0
42359,239,192,0
42368,545,262,0
42378,228,254,0
42387,384,279,0
42397,202,263,0
42406,-161,242,0
42416,115,216,0
42425,52,182,0
42435,-334,211,0
42444,351,238,0
42454,307,251,0
42463,141,228,0
42473,66,195,0
42482,129,181,0
42492,-19,147,0
42501,-112,139,0
42511,-7,112,0
42520,377,164,0
42530,197,170,0
42539,-455,227,0
42549,231,227,0
42558,-244,229,0
42568,59,194,0
42577,-415,238,0
42587,13,192,0
42596,-119,176,0
42606,-166,173,0
42615,280,194,0
42625,-221,199,0
42634,-285,216,0
42644,248,221,0
42653,-111,198,0
42663,53,168,0
42672,222,178,0
42682,252,192,0
42692,-7,154,0
42701,181,159,0
42711,76,142,0
42720,35,120,0
42730,12,98,0
42739,-252,128,0
42749,147,131,0
42758,-363,176,0
42768,-99,159,0
42777,137,154,0
42787,84,139,0
42796,-300,171,0
42806,71,150,0
42815,-69,133,0
42825,-22,110,0
42834,-145,117,0
42844,-118,116,0
42853,664,224,0
42863,-5,180,0
42872,297,203,0
42882,383,238,0
42891,-202,230,0
42901,55,195,0
42910,-19,159,0
42920,201,167,0
42929,-60,145,0
42939,114,138,0
42948,-184,146,0
42958,-367,189,0
42967,-249,200,0
42977,-189,197,0
42986,-242,205,0
42996,-88,181,0
43005,280,200,0
43015,-147,189,0
43024,331,217,0
43034,353,243,0
43043,133,220,0
43053,20,180,0
43063,165,177,0
43072,2,141,0
43082,77,127,0
43091,-131,127,0
43101,-74,115,0
43110,-315,155,0
43120,-21,128,0
43129,-318,165,0
43139,-298,191,0
43148,-188,189,0
43158,114,173,0
43167,-258,189,0
43177,-48,160,0
43186,88,145,0
43196,-194,154,0
43205,80,139,0
43215,-40,119,0
43224,32,101,0
43234,5,81,0
43243,-191,102,0
43253,-76,96,0
43262,58,87,0
43272,251,119,0
43281,207,136,0
43291,307,169,0
43300,-20,139,0
43310,-367,184,0
43319,78,162,0
43329,-114,151,0
43338,90,138,0
43348,53,120,0
43357,218,139,0
43367,180,147,0
43376,-74,131,0
43386,-149,133,0
43395,-286,163,0
43405,-270,184,0
43414,-22,151,0
43424,16,123,0
43434,-8,99,0
43443,-343,147,0
43453,-79,132,0
43462,-12,107,0
43472,-525,190,0
43481,151,182,0
43491,-87,162,0
43500,-262,181,0
43510,-82,160,0
43519,-37,135,0
43529,-318,171,0
43538,-260,188,0
43548,-262,202,0
43557,-104,181,0
43567,-365,217,0
43576,-79,188,0
43586,77,165,0
43595,-277,187,0
43605,-253,199,0
43614,-265,212,0
43624,92,187,0
43633,95,168,0
43643,192,172,0
43652,29,142,0
43662,368,186,0
43671,86,165,0
43681,1,132,0
43690,216,148,0
43700,-23,122,0
43709,-110,119,0
43719,100,115,0
43728,117,115,0
43738,26,97,0
43747,-176,112,0
43757,-377,164,0
43766,234,177,0
43776,-465,234,0
43785,-174,221,0
43795,-77,191,0
43805,-502,252,0
43814,-647,330,0
43824,-189,301,0
43833,-170,274,0
43843,248,268,0
43852,-129,239,0
43862,-432,277,0
43871,-73,235,0
43881,-378,263,0
43890,219,253,0
43900,211,244,0
43909,-100,215,0
43919,116,195,0
43928,-212,198,0
43938,213,200,0
43947,139,187,0
43957,-355,220,0
43966,46,185,0
43976,161,180,0
43985,64,156,0
43995,-26,129,0
44004,-231,149,0
44014,100,139,0
44023,45,120,0
44033,44,104,0
44042,25,88,0
44052,-297,129,0
44061,-509,204,0
44071,87,180,0
44080,444,232,0
44090,-360,257,0
44099,673,339,0
44109,-84,287,0
44118,-557,340,0
44128,195,311,0
44137,196,287,0
44147,-36,236,0
44156,-183,224,0
44166,-244,227,0
44175,-126,206,0
44185,132,190,0
44195,-88,169,0
44204,-319,198,0
44214,146,187,0
44223,57,160,0
44233,-343,196,0
44242,154,186,0
44252,329,213,0
44261,-44,178,0
44271,-347,211,0
44280,-223,212,0
44290,44,177,0
44299,-344,209,0
44309,241,215,0
44318,-56,183,0
44328,18,149,0
44337,337,186,0
44347,-4,148,0
44356,118,141,0
44366,3,112,0
44375,-107,110,0
44385,-18,91,0
44394,-37,79,0
44404,203,103,0
44413,255,133,0
44423,159,137,0
44432,150,139,0
44442,63,123,0
44451,-543,206,0
44461,-156,195,0
44470,-125,181,0
44480,455,235,0
44489,338,255,0
44499,202,244,0
44508,132,221,0
44518,199,215,0
44527,-83,188,0
44537,-100,170,0
44546,106,157,0
44556,247,174,0
44566,297,198,0
44575,141,186,0
44585,186,185,0
44594,-46,157,0
44604,76,140,0
44613,365,185,0
44623,225,193,0
44632,99,173,0
44642,-51,148,0
44651,375,193,0
44661,-284,210,0
44670,-176,203,0
44680,-233,208,0
44689,310,228,0
44699,-149,211,0
44708,-32,174,0
44718,-91,157,0
44727,-264,177,0
44737,87,158,0
44746,538,233,0
44756,165,219,0
44765,-125,200,0
44775,67,173,0
44784,-221,182,0
44794,-21,149,0
44803,81,135,0
44813,160,140,0
44822,107,133,0
44832,168,139,0
44841,103,131,0
44851,338,171,0
44860,14,138,0
44870,-256,161,0
44879,245,177,0
44889,177,176,0
44898,-25,145,0
44908,-14,118,0
44917,190,132,0
44927,-112,127,0
44937,-91,119,0
44946,-484,191,0
44956,-37,159,0
44965,169,160,0
44975,-385,205,0
44984,-81,180,0
44994,133,170,0
45003,-93,154,0
45013,-122,147,0
45022,-25,122,0
45032,1,97,0
45041,-305,138,0
45051,126,135,0
45060,63,120,0
45070,-213,138,0
45079,-275,165,0
45089,-107,153,0
45098,-530,228,0
45108,-415,265,0
45117,129,237,0
45127,-181,225,0
45136,33,186,0
45146,84,164,0
45155,-174,165,0
45165,-7,133,0
45174,-76,121,0
45184,-121,120,0
45193,-136,123,0
45203,116,121,0
45212,-216,139,0
45222,-58,122,0
45231,-309,158,0
45241,-69,139,0
45250,53,121,0
45260,-195,135,0
45269,59,119,0
45279,34,101,0
45288,229,125,0
45298,461,192,0
45307,240,201,0
45317,168,193,0
45327,137,181,0
45336,136,171,0
45346,129,161,0
45355,70,142,0
45365,13,115,0
45374,66,105,0
45384,69,97,0
45393,122,101,0
45403,-224,124,0
45412,-16,102,0
45422,-83,97,0
45431,-14,79,0
45441,246,112,0
45450,60,101,0
45460,107,101,0
45469,510,182,0
45479,315,208,0
45488,-92,184,0
45498,218,190,0
45507,22,156,0
45517,-52,134,0
45526,48,116,0
45536,81,108,0
45545,28,91,0
45555,247,121,0
45564,281,152,0
45574,379,196,0
45583,141,184,0
45593,-169,180,0
45602,437,231,0
45612,-93,202,0
45621,463,253,0
45631,296,261,0
45640,174,242,0
45650,-52,203,0
45659,-135,189,0
45669,133,177,0
45678,-31,147,0
45688,165,150,0
45698,320,184,0
45707,138,174,0
45717,-56,150,0
45726,204,160,0
45736,120,152,0
45745,-54,131,0
45755,-443,192,0
45764,29,158,0
45774,-263,178,0
45783,-227,187,0
45793,-43,157,0
45802,-50,135,0
45812,14,110,0
45821,55,99,0
45831,126,104,0
45840,-158,114,0
45850,132,117,0
45859,251,143,0
45869,221,158,0
45878,533,232,0
45888,448,274,0
45897,37,226,0
45907,120,204,0
45916,363,235,0
45926,235,235,0
45935,95,207,0
45945,110,187,0
45954,271,203,0
45964,379,237,0
45973,-132,215,0
45983,284,228,0
45992,-81,198,0
46002,-302,218,0
46011,-350,244,0
46021,-104,215,0
46030,68,185,0
46040,-184,184,0
46049,-11,149,0
46059,177,154,0
46069,-63,135,0
46078,-218,151,0
46088,-92,138,0
46097,-61,122,0
46107,287,154,0
46116,155,154,0
46126,12,125,0
46135,75,115,0
46145,-135,119,0
46154,13,97,0
46164,-93,95,0
46173,-298,135,0
46183,263,160,0
46192,19,131,0
46202,148,133,0
46211,-80,122,0
46221,116,120,0
46230,187,133,0
46240,28,111,0
46249,69,101,0
46259,328,145,0
46268,14,118,0
46278,163,126,0
46287,136,127,0
46297,-8,102,0
46306,406,162,0
46316,-252,179,0
46325,-164,175,0
46335,362,212,0
46344,-135,196,0
46354,255,207,0
46363,151,195,0
46373,176,191,0
46382,257,203,0
46392,-36,169,0
46401,-289,192,0
46411,36,160,0
46420,259,179,0
46430,-394,221,0
46439,141,204,0
46449,-41,171,0
46459,219,179,0
46468,281,199,0
46478,43,167,0
46487,-39,140,0
46497,255,163,0
46506,-274,184,0
46516,417,230,0
46525,-71,198,0
46535,151,188,0
46544,344,218,0
46554,-305,235,0
46563,-19,191,0
46573,73,166,0
46582,106,153,0
46592,153,152,0
46601,-205,162,0
46611,-67,142,0
46620,65,126,0
46630,288,157,0
46639,632,251,0
46649,-31,206,0
46658,-76,179,0
46668,-7,144,0
46677,351,185,0
46687,267,201,0
46696,273,214,0
46706,401,251,0
46715,422,284,0
46725,383,303,0
46734,177,277,0
46744,322,285,0
46753,652,358,0
46763,230,332,0
46772,-73,279,0
46782,195,262,0
46791,236,256,0
46801,246,253,0
46810,182,238,0
46820,83,206,0
46830,184,200,0
46839,415,243,0
46849,404,274,0
46858,69,232,0
46868,400,265,0
46877,66,225,0
46887,-32,186,0
46896,280,204,0
46906,20,167,0
46915,-18,136,0
46925,178,143,0
46934,163,146,0
46944,-135,143,0
46953,103,134,0
46963,-47,116,0
46972,-70,106,0
46982,72,98,0
46991,-28,83,0
47001,434,152,0
47010,763,273,0
47020,75,233,0
47029,154,216,0
47039,7,173,0
47048,108,159,0
47058,119,150,0
47067,250,170,0
47077,334,202,0
47086,282,217,0
47096,-29,178,0
47105,249,191,0
47115,-34,158,0
47124,-59,137,0
47134,123,133,0
47143,198,145,0
47153,215,159,0
47162,-136,154,0
47172,28,128,0
47181,313,164,0
47191,-148,160,0
47201,-3,128,0
47210,237,149,0
47220,-44,127,0
47229,216,144,0
47239,144,143,0
47248,329,179,0
47258,57,154,0
47267,124,147,0
47277,-32,123,0
47286,36,105,0
47296,313,146,0
47305,349,185,0
47315,221,192,0
47324,17,156,0
47334,272,178,0
47343,96,161,0
47353,165,161,0
47362,-27,133,0
47372,-132,132,0
47381,-219,148,0
47391,-65,131,0
47400,-394,182,0
47410,-262,197,0
47419,-126,182,0
47429,-143,173,0
47438,-120,162,0
47448,-1,129,0
47457,233,149,0
47467,-144,147,0
47476,-71,131,0
47486,-406,185,0
47495,-59,159,0
47505,47,136,0
47514,-147,137,0
47524,-210,151,0
47533,-72,134,0
47543,-219,150,0
47552,122,144,0
47562,-282,171,0
47571,237,183,0
47581,223,190,0
47591,129,177,0
47600,110,163,0
47610,311,192,0
47619,331,219,0
47629,-110,197,0
47638,-267,210,0
47648,88,185,0
47657,-28,153,0
47667,-175,157,0
47676,171,159,0
47686,-31,133,0
47695,201,146,0
47705,259,167,0
47714,-24,137,0
47724,-129,134,0
47733,129,132,0
47743,194,143,0
47752,-314,176,0
47762,1,140,0
47771,202,152,0
47781,-149,150,0
47790,-54,130,0
47800,444,192,0
47809,197,192,0
47819,426,238,0
47828,-38,197,0
47838,-127,182,0
47847,-168,178,0
47857,-83,158,0
47866,81,142,0
47876,14,115,0
47885,493,190,0
47895,304,212,0
47904,10,171,0
47914,387,213,0
47923,63,182,0
47933,46,154,0
47942,-90,141,0
47952,-23,116,0
47962,143,120,0
47971,284,152,0
47981,-465,214,0
47990,-56,182,0
48000,92,163,0
48009,231,176,0
48019,333,206,0
48028,61,176,0
48038,-19,143,0
48047,263,166,0
48057,115,155,0
48066,376,199,0
48076,394,237,0
48085,240,237,0
48095,-41,197,0
48104,191,195,0
48114,12,158,0
48123,-24,130,0
48133,-145,133,0
48142,-34,112,0
48152,176,124,0
48161,-142,127,0
48171,-195,140,0
48180,165,145,0
48190,346,185,0
48199,128,173,0
48209,-34,144,0
48218,274,169,0
48228,-119,158,0
48237,43,134,0
48247,-261,159,0
48256,14,129,0
48266,-86,120,0
48275,194,134,0
48285,-96,126,0
48294,-405,181,0
48304,315,207,0
48313,-34,171,0
48323,66,149,0
48333,-46,128,0
48342,-327,167,0
48352,140,161,0
48361,-222,172,0
48371,-472,231,0
48380,2,184,0
48390,-476,242,0
48399,-559,304,0
48409,17,246,0
48418,-255,247,0
48428,-301,257,0
48437,-407,286,0
48447,-534,334,0
48456,-505,368,0
48466,-254,344,0
48475,-268,328,0
48485,-108,283,0
48494,68,239,0
48504,-6,192,0
48513,370,227,0
48523,-135,208,0
48532,-366,239,0
48542,-218,234,0
48551,279,242,0
48561,-114,215,0
48570,58,183,0
48580,329,211,0
48589,297,227,0
48599,-254,231,0
48608,-36,191,0
48618,-277,207,0
48627,-13,167,0
48637,-346,202,0
48646,-194,199,0
48656,-53,169,0
48665,-278,190,0
48675,-194,190,0
48684,-123,176,0
48694,-376,215,0
48704,-208,213,0
48713,113,192,0
48723,-361,225,0
48732,-205,221,0
48742,80,192,0
48751,-342,221,0
48761,-152,206,0
48770,-1,164,0
48780,227,176,0
48789,-10,142,0
48799,-267,166,0
48808,-5,133,0
48818,-260,158,0
48827,-534,232,0
48837,-89,202,0
48846,-420,245,0
48856,-331,262,0
48865,186,246,0
48875,-100,216,0
48884,-243,220,0
48894,-257,227,0
48903,-63,193,0
48913,-26,159,0
48922,-165,160,0
48932,115,151,0
48941,118,143,0
48951,-26,119,0
48960,-105,116,0
48970,-6,93,0
48979,360,146,0
48989,168,149,0
48998,119,142,0
49008,42,121,0
49017,127,121,0
49027,-163,128,0
49036,-92,120,0
49046,36,103,0
49055,235,129,0
49065,-148,132,0
49075,-211,147,0
49084,6,118,0
49094,-224,138,0
49103,-388,187,0
49113,-160,181,0
49122,-59,155,0
49132,-6,125,0
49141,260,152,0
49151,-87,138,0
49160,-142,138,0
49170,-371,184,0
49179,36,154,0
49189,321,187,0
49198,-224,193,0
49208,211,196,0
49217,-152,186,0
49227,184,184,0
49236,67,160,0
49246,-129,153,0
49255,119,145,0
49265,-77,131,0
49274,3,104,0
49284,-5,84,0
49293,-72,81,0
49303,124,88,0
49312,-128,95,0
49322,-113,98,0
49331,-204,118,0
49341,-274,148,0
49350,169,151,0
49360,86,137,0
49369,-336,176,0
49379,85,157,0
49388,10,127,0
49398,-90,119,0
49407,164,127,0
49417,113,123,0
49426,-307,159,0
49436,-549,236,0
49446,-214,230,0
49455,-18,187,0
49465,-51,159,0
49474,-110,149,0
49484,520,223,0
49493,67,191,0
49503,142,180,0
49512,105,165,0
49522,74,146,0
49531,191,154,0
49541,-117,146,0
49550,-108,137,0
49560,302,169,0
49569,74,149,0
49579,5,120,0
49588,-363,168,0
49598,-83,150,0
49607,-284,176,0
49617,-462,232,0
49626,-241,233,0
49636,-475,281,0
49645,139,251,0
49655,-241,248,0
49664,-115,221,0
49674,-166,209,0
49683,-121,191,0
49693,-12,154,0
49702,-339,190,0
49712,-343,220,0
49721,-151,206,0
49731,71,178,0
49740,-41,150,0
49750,7,121,0
49759,-15,99,0
49769,-404,159,0
49778,70,141,0
49788,-326,177,0
49797,89,158,0
49807,118,149,0
49816,-100,139,0
49826,-57,122,0
49836,25,102,0
49845,14,83,0
49855,-144,94,0
49864,-41,83,0
49874,453,156,0
49883,142,152,0
49893,-208,162,0
49902,309,190,0
49912,-82,168,0
49921,-405,215,0
49931,-218,215,0
49940,87,189,0
49950,-269,204,0
49959,74,177,0
49969,-96,160,0
49978,-209,169,0
49988,-237,182,0
49997,-199,184,0
50007,-328,212,0
50016,-296,228,0
50026,25,187,0
50035,20,153,0
50045,93,140,0
50054,20,116,0
50064,279,147,0
50073,-124,141,0
50083,-141,140,0
50092,-56,123,0
50102,-101,118,0
50111,-64,106,0
50121,-73,98,0
50130,-100,98,0
50140,-365,151,0
50149,-235,167,0
50159,-193,171,0
50168,-74,150,0
50178,-191,158,0
50187,-52,136,0
50197,-33,114,0
50207,151,121,0
50216,48,105,0
50226,33,90,0
50235,274,126,0
50245,-135,127,0
50254,-34,107,0
50264,-447,174,0
50273,-352,209,0
50283,-134,193,0
50292,60,166,0
50302,-104,152,0
50311,88,138,0
50321,-312,172,0
50330,-362,209,0
50340,-156,198,0
50349,-13,160,0
50359,-312,190,0
50368,127,177,0
50378,-527,246,0
50387,-132,222,0
50397,14,179,0
50406,-550,253,0
50416,460,294,0
50425,-210,277,0
50435,-204,261,0
50444,367,281,0
50454,-332,290,0
50463,243,280,0
50473,-332,290,0
50482,161,264,0
50492,234,257,0
50501,224,249,0
50511,100,219,0
50520,381,251,0
50530,-14,202,0
50539,-55,172,0
50549,-260,189,0
50558,41,159,0
50568,142,155,0
50578,-32,130,0
50587,-117,127,0
50597,-284,157,0
50606,317,188,0
50616,361,222,0
50625,269,230,0
50635,93,202,0
50644,-179,196,0
50654,-390,234,0
50663,51,197,0
50673,-429,242,0
50682,13,195,0
50692,-61,168,0
50701,-126,159,0
50711,-159,158,0
50720,-62,138,0
50730,-9,111,0
50739,-38,95,0
50749,148,105,0
50758,445,173,0
50768,318,201,0
50777,134,186,0
50787,265,201,0
50796,255,211,0
50806,47,177,0
50815,-25,146,0
50825,71,130,0
50834,-113,126,0
50844,-244,148,0
50853,371,192,0
50863,-306,214,0
50872,41,179,0
50882,256,194,0
50891,170,189,0
50901,-312,213,0
50910,-70,184,0
50920,-67,160,0
50929,-72,142,0
50939,-161,145,0
50949,-40,124,0
50958,362,171,0
50968,10,138,0
50977,161,142,0
50987,10,115,0
50996,223,136,0
51006,199,147,0
51015,-15,120,0
51025,309,157,0
51034,65,138,0
51044,-249,159,0
51053,184,163,0
51063,-88,147,0
51072,264,169,0
51082,-129,160,0
51091,65,141,0
51101,-287,169,0
51110,106,156,0
51120,141,152,0
51129,362,193,0
51139,-267,207,0
51148,274,219,0
51158,226,220,0
51167,-317,239,0
51177,324,255,0
51186,452,294,0
51196,443,323,0
51205,486,355,0
51215,145,313,0
51224,-1,250,0
51234,-48,209,0
51243,66,180,0
51253,319,207,0
51262,-72,179,0
51272,420,227,0
51281,529,286,0
51291,84,244,0
51300,167,228,0
51310,198,221,0
51319,101,196,0
51329,606,277,0
51339,312,283,0
51348,246,275,0
51358,302,280,0
51367,94,242,0
51377,-60,205,0
51386,400,244,0
51396,-4,195,0
51405,-145,185,0
51415,243,196,0
51424,317,219,0
51434,205,216,0
51443,427,257,0
51453,-55,216,0
51462,139,199,0
51472,-31,165,0
51481,-228,177,0
51491,127,166,0
51500,250,182,0
51510,-291,203,0
51519,100,182,0
51529,81,161,0
51538,-187,165,0
51548,37,139,0
51557,312,173,0
51567,132,164,0
51576,41,139,0
51586,266,164,0
51595,208,172,0
51605,224,181,0
51614,160,176,0
51624,585,257,0
51633,56,216,0
51643,89,189,0
51652,76,166,0
51662,261,184,0
51671,27,152,0
51681,402,201,0
51690,315,223,0
51700,-330,244,0
51710,115,218,0
51719,38,181,0
51729,-320,208,0
51738,171,200,0
51748,258,211,0
51757,-105,189,0
51767,81,167,0
51776,228,178,0
51786,286,199,0
51795,694,297,0
51805,314,299,0
51814,328,304,0
51824,564,355,0
51833,-50,294,0
51843,36,242,0
51852,27,198,0
51862,-261,210,0
51871,-53,178,0
51881,291,200,0
51890,-112,182,0
51900,-263,197,0
51909,134,183,0
51919,-572,260,0
51928,-417,291,0
51938,205,273,0
51947,151,248,0
51957,-363,270,0
51966,-203,256,0
51976,-151,234,0
51985,-68,200,0
51995,-189,197,0
52004,-238,204,0
52014,-252,213,0
52023,511,272,0
52033,424,301,0
52042,-218,283,0
52052,387,303,0
52061,-340,310,0
52071,-24,252,0
52081,344,269,0
52090,58,226,0
52100,219,223,0
52109,99,197,0
52119,268,210,0
52128,74,182,0
52138,-162,177,0
52147,-191,179,0
52157,-194,181,0
52166,138,171,0
52176,213,178,0
52185,337,209,0
52195,493,265,0
52204,-333,278,0
52214,-251,272,0
52223,114,239,0
52233,-170,225,0
52242,-49,189,0
52252,409,232,0
52261,82,201,0
52271,-172,194,0
52280,104,175,0
52290,-8,141,0
52299,-265,165,0
52309,278,187,0
52318,-203,189,0
52328,-147,180,0
52337,91,162,0
52347,126,154,0
52356,195,162,0
52366,118,152,0
52375,139,148,0
52385,-143,146,0
52394,21,120,0
52404,84,112,0
52413,127,114,0
52423,450,181,0
52432,-62,156,0
52442,368,197,0
52452,160,189,0
52461,-28,156,0
52471,0,124,0
52480,-124,123,0
52490,-273,152,0
52499,-29,126,0
52509,37,107,0
52518,-285,142,0
52528,176,148,0
52537,-344,186,0
52547,-88,165,0
52556,132,158,0
52566,-54,136,0
52575,-111,130,0
52585,355,175,0
52594,325,205,0
52604,-28,169,0
52613,372,209,0
52623,178,202,0
52632,-116,184,0
52642,274,201,0
52651,90,178,0
52661,-100,162,0
52670,-461,221,0
52680,-358,247,0
52689,-426,282,0
52699,-385,302,0
52708,-73,255,0
52718,-536,311,0
52727,-297,307,0
52737,-385,322,0
52746,-419,340,0
52756,-520,376,0
52765,-435,387,0
52775,-572,423,0
52784,-481,434,0
52794,-650,477,0
52803,-702,521,0
52813,393,494,0
52822,-652,525,0
52832,-444,508,0
52842,-607,527,0
52851,-605,542,0
52861,-571,547,0
52870,-828,602,0
52880,-385,558,0
52889,-519,549,0
52899,-314,501,0
52908,-202,440,0
52918,-212,394,0
52927,-486,412,0
52937,-251,379,0
52946,-573,417,0
52956,-170,367,0
52965,-139,320,0
52975,-666,389,0
52984,-460,403,0
52994,-171,356,0
53003,-184,320,0
53013,-293,314,0
53022,-851,421,0
53032,-536,443,0
53041,-655,485,0
53051,-845,557,0
53060,-598,564,0
53070,-173,485,0
53079,-364,460,0
53089,-178,403,0
53098,-183,358,0
53108,-378,361,0
53117,-46,297,0
53127,-409,318,0
53136,0,254,0
53146,-48,212,0
53155,-183,205,0
53165,-174,198,0
53174,76,173,0
53184,-4,138,0
53193,-349,179,0
53203,-151,173,0
53213,69,151,0
53222,-271,174,0
53232,-619,262,0
53241,218,252,0
53251,-241,249,0
53260,-231,245,0
53270,160,228,0
53279,27,187,0
53289,-259,200,0
53298,-341,228,0
53308,-335,249,0
53317,-273,253,0
53327,-435,289,0
53336,-146,260,0
53346,152,238,0
53355,-94,208,0
53365,-75,181,0
53374,-318,207,0
53384,-562,277,0
53393,-17,224,0
53403,-116,202,0
53412,-361,233,0
53422,144,214,0
53431,-248,220,0
53441,-218,219,0
53450,-234,221,0
53460,-244,224,0
53469,-404,259,0
53479,-365,280,0
53488,-463,316,0
53498,141,280,0
53507,-63,236,0
53517,-92,206,0
53526,-231,210,0
53536,-245,217,0
53545,38,180,0
53555,-56,155,0
53564,58,135,0
53574,265,161,0
53583,-4,128,0
53593,32,108,0
53603,159,117,0
53612,-39,100,0
53622,103,100,0
53631,126,105,0
53641,167,117,0
53650,76,108,0
53660,-74,100,0
53669,254,130,0
53679,66,117,0
53688,-248,142,0
53698,37,120,0
53707,-91,114,0
53717,113,113,0
53726,292,148,0
53736,-49,127,0
53745,-382,177,0
53755,-52,151,0
53764,-107,141,0
53774,153,142,0
53783,-171,147,0
53793,125,142,0
53802,-103,133,0
53812,-316,169,0
53821,-110,157,0
53831,98,144,0
53840,-312,177,0
53850,57,152,0
53859,310,183,0
53869,4,146,0
53878,13,118,0
53888,128,119,0
53897,-240,143,0
53907,303,174,0
53916,141,167,0
53926,104,153,0
53935,-146,151,0
53945,156,151,0
53954,231,166,0
53964,161,164,0
53974,248,180,0
53983,-235,191,0
53993,118,175,0
54002,-278,195,0
54012,-32,162,0
54021,300,189,0
54031,-67,164,0
54040,-274,185,0
54050,-194,186,0
54059,-239,195,0
54069,-241,204,0
54078,0,163,0
54088,386,207,0
54097,456,256,0
54107,-142,232,0
54116,-87,202,0
54126,809,322,0
54135,44,265,0
54145,23,216,0
54154,216,215,0
54164,872,346,0
54173,-98,295,0
54183,526,341,0
54192,477,367,0
54202,314,355,0
54211,562,396,0
54221,403,396,0
54230,146,345,0
54240,273,330,0
54249,57,275,0
54259,82,236,0
54268,327,253,0
54278,381,278,0
54287,479,317,0
54297,348,322,0
54306,276,312,0
54316,304,309,0
54325,464,339,0
54335,373,345,0
54345,449,365,0
54354,208,333,0
54364,658,397,0
54373,24,321,0
54383,309,317,0
54392,399,332,0
54402,259,316,0
54411,243,300,0
54421,417,323,0
54430,662,390,0
54440,-15,315,0
54449,243,300,0
54459,285,297,0
54468,183,273,0
54478,670,352,0
54487,468,374,0
54497,-502,399,0
54506,472,413,0
54516,-60,342,0
54525,352,343,0
54535,202,314,0
54544,240,299,0
54554,394,317,0
54563,272,307,0
54573,-49,254,0
54582,185,240,0
54592,236,239,0
54601,228,236,0
54611,-103,208,0
54620,271,220,0
54630,257,227,0
54639,359,252,0
54649,115,224,0
54658,40,187,0
54668,119,172,0
54677,106,158,0
54687,145,155,0
54696,226,169,0
54706,-271,189,0
54715,-187,188,0
54725,123,174,0
54735,110,161,0
54744,-502,228,0
54754,-217,225,0
54763,-107,201,0
54773,-244,208,0
54782,-60,178,0
54792,84,158,0
54801,413,208,0
54811,-85,183,0
54820,-296,205,0
54830,231,210,0
54839,205,209,0
54849,271,221,0
54858,-44,184,0
54868,-225,192,0
54877,-11,155,0
54887,-18,127,0
54896,-9,102,0
54906,21,85,0
54915,184,104,0
54925,-206,124,0
54934,-228,144,0
54944,227,160,0
54953,99,147,0
54963,-189,154,0
54972,45,132,0
54982,16,108,0
54991,-120,110,0
55001,206,129,0
55010,-149,132,0
55020,143,133,0
55029,216,149,0
55039,-345,188,0
55048,676,285,0
55058,298,287,0
55067,480,325,0
55077,231,306,0
55086,-124,268,0
55096,236,261,0
55106,-41,216,0
55115,71,186,0
55125,2,148,0
55134,-4,118,0
55144,554,204,0
55153,127,188,0
55163,-755,301,0
55172,410,322,0
55182,-74,271,0
55191,-351,286,0
55201,12,230,0
55210,-422,268,0
55220,68,227,0
55229,-24,185,0
55239,-173,182,0
55248,89,162,0
55258,62,141,0
55267,215,155,0
55277,-162,156,0
55286,-329,189,0
55296,-43,159,0
55305,-154,157,0
55315,-239,172,0
55324,-577,252,0
55334,-282,257,0
55343,-516,308,0
55353,-421,330,0
55362,-16,267,0
55372,-433,299,0
55381,-418,322,0
55391,-407,338,0
55400,-218,313,0
55410,57,261,0
55419,-159,239,0
55429,145,220,0
55438,364,248,0
55448,254,248,0
55457,-203,238,0
55467,-317,253,0
55477,-179,237,0
55486,-282,245,0
55496,-46,205,0
55505,-275,219,0
55515,140,203,0
55524,-90,180,0
55534,-141,172,0
55543,-322,201,0
55553,-272,214,0
55562,-58,182,0
55572,-47,154,0
55581,-646,252,0
55591,-8,202,0
55600,-193,199,0
55610,-228,204,0
55619,65,176,0
55629,-287,197,0
55638,-161,189,0
55648,175,186,0
55657,250,198,0
55667,674,292,0
55676,-869,406,0
55686,245,373,0
55695,177,333,0
55705,40,274,0
55714,-142,247,0
55724,-199,236,0
55733,121,212,0
55743,-97,188,0
55752,-272,204,0
55762,5,164,0
55771,-275,186,0
55781,66,161,0
55790,-194,166,0
55800,244,180,0
55809,-63,156,0
55819,-46,133,0
55828,366,179,0
55838,188,180,0
55847,-156,175,0
55857,50,150,0
55867,109,141,0
55876,56,123,0
55886,-94,116,0
55895,-449,181,0
55905,-116,167,0
55914,-21,137,0
55924,-430,195,0
55933,-159,187,0
55943,-258,200,0
55952,49,169,0
55962,-49,144,0
55971,69,128,0
55981,36,109,0
55990,259,138,0
56000,-242,158,0
56009,373,200,0
56019,363,232,0
56028,99,204,0
56038,168,196,0
56047,-56,167,0
56057,16,136,0
56066,465,201,0
56076,118,183,0
56085,-226,191,0
56095,235,199,0
56104,105,180,0
56114,-219,187,0
56123,-59,160,0
56133,-206,169,0
56142,-30,141,0
56152,-111,134,0
56161,-246,156,0
56171,105,145,0
56180,156,147,0
56190,-116,140,0
56199,-99,131,0
56209,469,197,0
56218,346,226,0
56228,282,236,0
56238,162,220,0
56247,217,219,0
56257,35,182,0
56266,-195,184,0
56276,171,181,0
56285,166,177,0
56295,197,180,0
56304,274,198,0
56314,-1033,364,0
56323,936,478,0
56333,-358,453,0
56342,-888,539,0
56352,-249,480,0
56361,-141,412,0
56371,-208,370,0
56380,-158,327,0
56390,-301,321,0
56399,-49,265,0
56409,59,223,0
56418,-287,235,0
56428,318,251,0
56437,-529,305,0
56447,-28,249,0
56456,-59,210,0
56466,-242,216,0
56475,-38,179,0
56485,-45,152,0
56494,289,178,0
56504,-100,162,0
56513,-521,233,0
56523,161,218,0
56532,164,206,0
56542,201,204,0
56551,403,243,0
56561,202,234,0
56570,126,212,0
56580,-134,195,0
56589,-97,175,0
56599,-94,158,0
56609,-21,130,0
56618,173,138,0
56628,72,124,0
56637,285,156,0
56647,-2,124,0
56656,174,133,0
56666,91,124,0
56675,116,122,0
56685,197,136,0
56694,-69,121,0
56704,25,101,0
56713,-15,83,0
56723,-444,154,0
56732,392,201,0
56742,-9,161,0
56751,183,164,0
56761,422,215,0
56770,83,188,0
56780,534,256,0
56789,211,246,0
56799,-96,215,0
56808,20,176,0
56818,261,192,0
56827,-6,154,0
56837,-287,180,0
56846,266,197,0
56856,-275,212,0
56865,-207,210,0
56875,-231,214,0
56884,-373,245,0
56894,356,267,0
56903,-153,243,0
56913,53,204,0
56922,-33,169,0
56932,-540,243,0
56941,100,214,0
56951,-598,290,0
56960,-109,253,0
56970,337,269,0
56980,45,224,0
56989,-275,234,0
56999,-55,198,0
57008,-396,237,0
57018,-52,199,0
57027,-577,274,0
57037,-112,241,0
57046,18,195,0
57056,-2,156,0
57065,28,129,0
57075,-472,197,0
57084,62,169,0
57094,-154,165,0
57103,-37,139,0
57113,-260,163,0
57122,-154,160,0
57132,120,152,0
57141,-116,144,0
57151,-105,136,0
57160,-90,126,0
57170,-133,126,0
57179,105,121,0
57189,-301,156,0
57198,-407,205,0
57208,57,175,0
57217,200,180,0
57227,-79,159,0
57236,5,128,0
57246,4,102,0
57255,-128,106,0
57265,-477,179,0
57274,-356,214,0
57284,-260,223,0
57293,29,183,0
57303,-101,166,0
57312,293,190,0
57322,469,245,0
57331,-123,220,0
57341,257,227,0
57350,39,188,0
57360,184,186,0
57370,39,155,0
57379,270,178,0
57389,160,174,0
57398,191,177,0
57408,-123,165,0
57417,199,171,0
57427,526,241,0
57436,-672,326,0
57446,165,293,0
57455,180,270,0
57465,-170,250,0
57474,-167,233,0
57484,131,212,0
57493,138,196,0
57503,-76,171,0
57512,110,158,0
57522,-144,154,0
57531,-143,151,0
57541,261,172,0
57550,-106,158,0
57560,338,193,0
57569,80,170,0
57579,-104,156,0
57588,42,132,0
57598,-54,115,0
57607,170,126,0
57617,-216,143,0
57626,263,166,0
57636,455,223,0
57645,118,201,0
57655,135,187,0
57664,-87,166,0
57674,221,176,0
57683,-240,188,0
57693,0,150,0
57702,204,160,0
57712,326,193,0
57721,-245,203,0
57731,146,191,0
57740,3,152,0
57750,280,177,0
57760,-5,142,0
57769,13,115,0
57779,342,160,0
57788,58,139,0
57798,413,193,0
57807,120,178,0
57817,-18,145,0
57826,-57,127,0
57836,-120,125,0
57845,204,140,0
57855,78,127,0
57864,303,161,0
57874,459,219,0
57883,520,279,0
57893,311,285,0
57902,81,244,0
57912,148,224,0
57921,185,216,0
57931,378,247,0
57940,130,223,0
57950,147,207,0
57959,560,277,0
57969,-70,235,0
57978,44,196,0
57988,301,216,0
57997,-258,223,0
58007,135,205,0
58016,72,178,0
58026,-292,200,0
58035,-228,205,0
58045,109,185,0
58054,-331,214,0
58064,464,263,0
58073,-322,274,0
58083,-508,320,0
58092,180,292,0
58102,249,282,0
58111,99,244,0
58121,214,237,0
58131,152,219,0
58140,-82,191,0
58150,238,199,0
58159,520,263,0
58169,171,244,0
58178,422,279,0
58188,225,268,0
58197,-166,247,0
58207,276,252,0
58216,62,213,0
58226,13,172,0
58235,-17,140,0
58245,-130,138,0
58254,398,189,0
58264,200,191,0
58273,-141,180,0
58283,11,146,0
58292,292,174,0
58302,-169,172,0
58311,-236,184,0
58321,197,186,0
58330,-149,177,0
58340,-312,203,0
58349,-104,182,0
58359,282,201,0
58368,4,160,0
58378,79,143,0
58387,374,188,0
58397,480,246,0
58406,285,253,0
58416,11,204,0
58425,192,201,0
58435,413,242,0
58444,200,233,0
58454,473,280,0
58463,132,250,0
58473,71,214,0
58482,100,191,0
58492,67,165,0
58502,134,158,0
58511,-36,133,0
58521,262,158,0
58530,112,148,0
58540,-126,143,0
58549,96,133,0
58559,355,177,0
58568,351,211,0
58578,-266,221,0
58587,513,278,0
58597,256,273,0
58606,264,270,0
58616,474,310,0
58625,209,289,0
58635,29,236,0
58644,32,194,0
58654,-32,161,0
58663,54,138,0
58673,-262,162,0
58682,-140,157,0
58692,272,179,0
58701,24,147,0
58711,-176,152,0
58720,334,187,0
58730,400,229,0
58739,-22,187,0
58749,134,175,0
58758,227,185,0
58768,89,165,0
58777,-131,158,0
58787,63,138,0
58796,640,238,0
58806,-9,191,0
58815,473,246,0
58825,-377,271,0
58834,220,260,0
58844,-143,236,0
58853,-218,231,0
58863,175,219,0
58873,-155,206,0
58882,-34,170,0
58892,48,145,0
58901,-164,148,0
58911,-119,141,0
58920,195,151,0
58930,-175,155,0
58939,435,211,0
58949,286,225,0
58958,330,246,0
58968,558,307,0
58977,403,325,0
58987,118,283,0
58996,245,275,0
59006,177,255,0
59015,-35,211,0
59025,-20,172,0
59034,362,209,0
59044,124,191,0
59053,45,161,0
59063,150,158,0
59072,281,182,0
59082,239,192,0
59091,-314,215,0
59101,-44,180,0
59110,-55,155,0
59120,-350,194,0
59129,-24,159,0
59139,-503,227,0
59148,-348,250,0
59158,5,201,0
59167,-45,169,0
59177,-6,136,0
59186,-93,126,0
59196,-172,134,0
59205,-21,111,0
59215,85,105,0
59224,-465,177,0
59234,75,156,0
59243,60,136,0
59253,-104,128,0
59263,-107,123,0
59272,101,118,0
59282,532,200,0
59291,413,242,0
59301,384,269,0
59310,-89,232,0
59320,413,267,0
59329,0,213,0
59339,238,217,0
59348,168,206,0
59358,19,167,0
59367,290,191,0
59377,472,246,0
59386,249,245,0
59396,171,230,0
59405,418,267,0
59415,-24,217,0
59424,352,243,0
59434,114,216,0
59443,215,215,0
59453,279,227,0
59462,-24,185,0
59472,-395,227,0
59481,-107,202,0
59491,-344,229,0
59500,-130,209,0
59510,112,189,0
59519,-384,227,0
59529,-88,198,0
59538,290,216,0
59548,-55,183,0
59557,-394,224,0
59567,143,207,0
59576,-51,175,0
59586,-122,164,0
59595,42,139,0
59605,-48,120,0
59614,-47,105,0
59624,-110,106,0
59634,230,130,0
59643,76,119,0
59653,-208,136,0
59662,39,115,0
59672,202,132,0
59681,300,165,0
59691,224,176,0
59700,202,180,0
59710,302,204,0
59719,84,179,0
59729,15,146,0
59738,6,117,0
59748,-194,131,0
59757,68,117,0
59767,263,145,0
59776,-200,156,0
59786,-215,167,0
59795,-435,220,0
59805,-114,198,0
59814,-107,179,0
59824,-346,212,0
59833,419,252,0
59843,-49,210,0
59852,-26,173,0
59862,292,196,0
59871,446,245,0
59881,389,273,0
59890,-442,306,0
59900,-185,281,0
59909,-534,330,0
59919,-269,317,0
59928,-457,344,0
59938,9,276,0
59947,410,302,0
59957,-102,261,0
59966,-325,273,0
59976,-381,294,0
59985,-275,290,0
59995,-389,309,0
60004,-67,260,0
60014,-64,220,0
60024,106,197,0
60033,-234,203,0
60043,-216,205,0
60052,-402,244,0
60062,-265,248,0
60071,-237,245,0
60081,-67,209,0
60090,3,167,0
60100,-249,182,0
60109,-217,188,0
60119,-283,206,0
60128,-323,228,0
60138,-321,246,0
60147,-143,224,0
60157,-422,263,0
60166,-193,248,0
60176,-176,233,0
60185,-521,290,0
60195,-158,263,0
60204,-271,264,0
60214,-741,359,0
60223,-65,300,0
60233,-250,290,0
60242,-106,253,0
60252,-449,291,0
60261,-570,346,0
60271,-635,403,0
60280,-161,354,0
60290,13,285,0
60299,-39,235,0
60309,-198,227,0
60318,-95,200,0
60328,-262,212,0
60337,-154,199,0
60347,-281,215,0
60356,-289,229,0
60366,-361,255,0
60375,-21,208,0
60385,255,217,0
60395,187,210,0
60404,-223,212,0
60414,26,174,0
60423,-70,153,0
60433,-123,146,0
60442,221,160,0
60452,477,223,0
60461,84,194,0
60471,1,155,0
60480,-271,178,0
60490,-91,160,0
60499,141,156,0
60509,-51,134,0
60518,-114,129,0
60528,114,125,0
60537,-456,191,0
60547,-129,177,0
60556,-82,157,0
60566,-337,192,0
60575,150,183,0
60585,-264,198,0
60594,75,173,0
60604,64,150,0
60613,63,132,0
60623,-157,136,0
60632,-86,125,0
60642,-305,161,0
60651,-535,235,0
60661,-34,194,0
60670,-193,193,0
60680,-64,166,0
60689,-433,218,0
60699,-292,232,0
60708,-160,217,0
60718,-743,321,0
60727,-679,391,0
60737,-331,378,0
60746,-561,414,0
60756,113,353,0
60766,-179,317,0
60775,-166,286,0
60785,122,252,0
60794,-158,232,0
60804,38,192,0
60813,53,163,0
60823,-263,182,0
60832,154,175,0
60842,271,194,0
60851,245,204,0
60861,523,267,0
60870,-113,235,0
60880,-226,233,0
60889,-344,254,0
60899,-204,243,0
60908,87,211,0
60918,204,208,0
60927,-71,180,0
60937,-308,205,0
60946,-68,177,0
60956,372,215,0
60965,-175,207,0
60975,257,216,0
60984,-74,186,0
60994,-89,165,0
61003,327,197,0
61013,119,180,0
61022,-397,223,0
61032,-299,237,0
61041,224,233,0
61051,102,206,0
61060,333,230,0
61070,-26,189,0
61079,358,222,0
61089,10,179,0
61098,143,171,0
61108,12,138,0
61117,73,124,0
61127,218,142,0
61136,128,138,0
61146,121,134,0
61156,318,170,0
61165,152,166,0
61175,513,234,0
61184,438,274,0
61194,177,254,0
61203,524,307,0
61213,243,293,0
61222,387,311,0
61232,231,294,0
61241,225,280,0
61251,433,310,0
61260,64,260,0
61270,29,213,0
61279,-303,230,0
61289,62,196,0
61298,235,203,0
61308,409,243,0
61317,98,213,0
61327,41,178,0
61336,152,172,0
61346,115,160,0
61355,62,140,0
61365,17,115,0
61374,-11,94,0
61384,-252,125,0
61393,7,101,0
61403,-179,115,0
61412,147,121,0
61422,164,128,0
61431,63,114,0
61441,-31,97,0
61450,187,114,0
61460,148,120,0
61469,195,135,0
61479,156,139,0
61488,103,131,0
61498,210,146,0
61507,460,208,0
61517,-110,188,0
61527,252,200,0
61536,514,262,0
61546,225,254,0
61555,-84,219,0
61565,506,276,0
61574,253,270,0
61584,-2,216,0
61593,274,226,0
61603,-249,229,0
61612,-5,184,0
61622,183,183,0
61631,-209,187,0
61641,-379,224,0
61650,-369,252,0
61660,2,201,0
61669,-236,207,0
61679,-400,245,0
61688,-50,206,0
61698,-169,197,0
61707,257,208,0
61717,367,239,0
61726,263,243,0
61736,-4,194,0
61745,-3,155,0
61755,187,161,0
61764,194,166,0
61774,-154,162,0
61783,-263,181,0
61793,94,162,0
61802,433,215,0
61812,332,238,0
61821,384,266,0
61831,436,299,0
61840,213,281,0
61850,-106,245,0
61859,-51,206,0
61869,-534,270,0
61878,-239,263,0
61888,114,232,0
61898,-314,247,0
61907,109,218,0
61917,160,206,0
61926,99,183,0
61936,-179,181,0
61945,-394,222,0
61955,179,212,0
61964,-29,174,0
61974,37,146,0
61983,638,243,0
61993,350,264,0
62002,200,251,0
62012,151,230,0
62021,56,195,0
62031,209,197,0
62040,225,202,0
62050,481,257,0
62059,86,222,0
62069,239,224,0
62078,557,290,0
62088,60,244,0
62097,-222,239,0
62107,109,212,0
62116,118,192,0
62126,263,205,0
62135,-120,188,0
62145,-441,238,0
62154,-218,233,0
62164,-132,212,0
62173,-297,228,0
62183,-283,238,0
62192,-479,285,0
62202,-216,271,0
62211,-280,272,0
62221,5,218,0
62230,-15,177,0
62240,-4,141,0
62249,104,132,0
62259,319,168,0
62268,-104,154,0
62278,278,178,0
62288,146,171,0
62297,259,187,0
62307,201,189,0
62316,155,182,0
62326,538,252,0
62335,533,307,0
62345,320,309,0
62354,258,298,0
62364,-47,247,0
62373,1,197,0
62383,156,188,0
62392,233,196,0
62402,-22,160,0
62411,152,158,0
62421,97,145,0
62430,86,133,0
62440,-548,215,0
62449,-427,257,0
62459,-392,283,0
62468,-158,257,0
62478,-135,232,0
62487,-188,222,0
62497,28,182,0
62506,29,150,0
62516,-329,185,0
62525,-293,206,0
62535,382,240,0
62544,-103,212,0
62554,23,173,0
62563,-105,159,0
62573,-198,166,0
62582,204,172,0
62592,206,178,0
62601,324,206,0
62611,28,169,0
62620,299,194,0
62630,23,159,0
62639,-17,130,0
62649,3,104,0
62659,332,149,0
62668,-13,121,0
62678,121,120,0
62687,-91,114,0
62697,-2,91,0
62706,-141,100,0
62716,-206,121,0
62725,33,102,0
62735,54,91,0
62744,275,127,0
62754,109,122,0
62763,96,116,0
62773,-12,94,0
62782,114,97,0
62792,-172,111,0
62801,466,181,0
62811,381,220,0
62820,139,203,0
62830,612,284,0
62839,296,286,0
62849,-77,243,0
62858,-188,231,0
62868,-89,201,0
62877,151,190,0
62887,208,193,0
62896,436,241,0
62906,141,220,0
62915,14,178,0
62925,199,181,0
62934,-37,151,0
62944,-156,151,0
62953,-309,181,0
62963,-117,167,0
62972,89,150,0
62982,-65,133,0
62991,25,111,0
63001,108,109,0
63010,-148,116,0
63020,-43,100,0
63030,-198,119,0
63039,-215,138,0
63049,-67,123,0
63058,161,130,0
63068,-259,155,0
63077,-395,203,0
63087,-47,171,0
63096,-438,223,0
63106,-175,213,0
63115,-322,234,0
63125,-74,201,0
63134,160,192,0
63144,135,180,0
63153,132,170,0
63163,87,153,0
63172,118,145,0
63182,-80,132,0
63191,-189,142,0
63201,-154,143,0
63210,-85,131,0
63220,109,125,0
63229,48,109,0
63239,187,124,0
63248,96,118,0
63258,-104,114,0
63267,-215,134,0
63277,-381,183,0
63286,200,186,0
63296,257,199,0
63305,349,228,0
63315,-262,234,0
63324,-48,196,0
63334,390,234,0
63343,220,231,0
63353,124,208,0
63362,141,194,0
63372,218,198,0
63381,114,180,0
63391,57,155,0
63400,170,158,0
63410,165,159,0
63420,-57,138,0
63429,273,164,0
63439,-426,216,0
63448,122,196,0
63458,53,166,0
63467,-311,194,0
63477,-73,169,0
63486,397,214,0
63496,-94,189,0
63505,508,252,0
63515,-28,206,0
63524,16,167,0
63534,-56,144,0
63543,286,172,0
63553,238,184,0
63562,-167,180,0
63572,-212,186,0
63581,-50,158,0
63591,-35,133,0
63600,-90,124,0
63610,94,117,0
63619,-32,99,0
63629,210,121,0
63638,112,118,0
63648,79,109,0
63657,182,123,0
63667,19,101,0
63676,0,80,0
63686,-40,72,0
63695,134,83,0
63705,-112,88,0
63714,418,153,0
63724,273,176,0
63733,-158,171,0
63743,240,184,0
63752,-287,204,0
63762,208,204,0
63771,66,176,0
63781,43,148,0
63791,426,203,0
63800,109,183,0
63810,-247,195,0
63819,-105,177,0
63829,-96,160,0
63838,102,148,0
63848,-186,155,0
63857,264,176,0
63867,318,203,0
63876,50,172,0
63886,275,192,0
63895,263,205,0
63905,161,196,0
63914,564,268,0
63924,163,246,0
63933,-11,198,0
63943,417,241,0
63952,70,206,0
63962,651,294,0
63971,469,328,0
63981,100,282,0
63990,187,262,0
64000,148,238,0
64009,163,222,0
64019,382,253,0
64028,310,264,0
64038,22,215,0
64047,387,249,0
64057,279,254,0
64066,387,280,0
64076,245,273,0
64085,73,232,0
64095,-81,201,0
64104,-6,161,0
64114,478,223,0
64123,-102,198,0
64133,-255,209,0
64142,-219,210,0
64152,282,224,0
64161,-13,181,0
64171,-134,170,0
64181,80,152,0
64190,421,205,0
64200,-181,200,0
64209,31,166,0
64219,278,187,0
64228,372,223,0
64238,136,205,0
64247,425,249,0
64257,304,259,0
64266,352,277,0
64276,418,304,0
64285,-88,260,0
64295,134,234,0
64304,199,226,0
64314,166,213,0
64323,-56,181,0
64333,-229,189,0
64342,38,158,0
64352,-290,184,0
64361,-202,187,0
64371,27,154,0
64380,44,131,0
64390,33,110,0
64399,624,212,0
64409,-13,171,0
64418,17,139,0
64428,4,111,0
64437,-398,167,0
64447,-372,207,0
64456,223,209,0
64466,-106,188,0
64475,-291,208,0
64485,-431,252,0
64494,-242,249,0
64504,-62,211,0
64513,-479,263,0
64523,235,257,0
64532,213,247,0
64542,-238,244,0
64552,-294,253,0
64561,-30,208,0
64571,-99,185,0
64580,-80,164,0
64590,304,191,0
64599,-149,181,0
64609,-6,145,0
64618,-199,155,0
64628,-98,143,0
64637,24,118,0
64647,-100,114,0
64656,154,121,0
64666,-316,159,0
64675,191,165,0
64685,-235,179,0
64694,36,150,0
64704,-62,132,0
64713,228,150,0
64723,62,132,0
64732,-40,113,0
64742,-89,107,0
64751,197,124,0
64761,60,111,0
64770,-136,115,0
64780,-163,124,0
64789,187,136,0
64799,110,130,0
64808,-10,106,0
64818,42,92,0
64827,-216,116,0
64837,-158,123,0
64846,-261,150,0
64856,116,143,0
64865,31,120,0
64875,180,132,0
64884,-34,111,0
64894,-235,135,0
64903,-145,137,0
64913,-556,220,0
64923,-289,233,0
64932,-283,242,0
64942,-499,292,0
64951,29,238,0
64961,0,190,0
64970,-188,189,0
64980,88,168,0
64989,179,169,0
64999,322,199,0
65008,26,164,0
65018,-276,186,0
65027,239,195,0
65037,141,184,0
65046,204,187,0
65056,54,159,0
65065,17,130,0
65075,-7,105,0
65084,7,85,0
65094,-67,81,0
65103,-88,81,0
65113,-31,70,0
65122,-180,92,0
65132,-5,74,0
65141,-28,64,0
65151,-257,102,0
65160,90,99,0
65170,-212,121,0
65179,-86,113,0
65189,58,101,0
65198,-308,141,0
65208,83,128,0
65217,256,153,0
65227,-425,207,0
65236,35,172,0
65246,-195,176,0
65255,-378,215,0
65265,103,192,0
65274,-145,182,0
65284,205,186,0
65293,17,151,0
65303,-11,122,0
65313,-244,145,0
65322,-168,149,0
65332,6,120,0
65341,-48,105,0
65351,80,100,0
65360,-56,91,0
65370,-81,88,0
65379,-402,150,0
65389,62,132,0
65398,-266,158,0
65408,-44,134,0
65417,244,155,0
65427,-91,142,0
65436,-58,124,0
65446,-129,124,0
65455,89,116,0
65465,2,92,0
65474,-120,97,0
65484,-73,91,0
65493,205,113,0
65503,95,109,0
65512,176,122,0
65522,-198,136,0
65531,-313,170,0
65541,-415,219,0
65550,-610,297,0
65560,-592,355,0
65569,-513,386,0
65579,-528,413,0
65588,-401,410,0
65598,-152,358,0
65607,-479,381,0
65617,-294,362,0
65626,-70,303,0
65636,-535,349,0
65645,-410,361,0
65655,-389,365,0
65664,-585,409,0
65674,43,335,0
65684,32,274,0
65693,-342,287,0
65703,-50,239,0
65712,-469,284,0
65722,-496,326,0
65731,-167,293,0
65741,-104,254,0
65750,-155,234,0
65760,-240,235,0
65769,-120,212,0
65779,292,227,0
65788,-173,215,0
65798,-296,231,0
65807,261,236,0
65817,-332,254,0
65826,-136,230,0
65836,128,209,0
65845,171,201,0
65855,-145,189,0
65864,-492,249,0
65874,-145,228,0
65883,-440,270,0
65893,-35,223,0
65902,-98,197,0
65912,-219,200,0
65921,136,187,0
65931,109,170,0
65940,324,200,0
65950,-51,170,0
65959,-244,184,0
65969,-222,191,0
65978,-154,182,0
65988,-515,248,0
65997,-102,218,0
66007,-363,246,0
66016,-95,215,0
66026,23,176,0
66035,4,140,0
66045,-194,150,0
66055,-31,126,0
66064,-698,239,0
66074,-590,309,0
66083,-285,304,0
66093,-579,358,0
66102,55,297,0
66112,98,256,0
66121,87,221,0
66131,20,180,0
66140,-140,172,0
66150,-165,170,0
66159,-162,168,0
66169,-231,180,0
66178,54,154,0
66188,-494,221,0
66197,-743,324,0
66207,-295,318,0
66216,-437,341,0
66226,-484,368,0
66235,-295,353,0
66245,-355,353,0
66254,-383,358,0
66264,-599,405,0
66273,-816,487,0
66283,-315,452,0
66292,-261,413,0
66302,-439,417,0
66311,-236,380,0
66321,-516,407,0
66330,-303,385,0
66340,-103,328,0
66349,-406,343,0
66359,-295,333,0
66368,-597,385,0
66378,-764,460,0
66387,-750,518,0
66397,-300,474,0
66406,-460,471,0
66416,-323,440,0
66426,140,380,0
66435,-410,386,0
66445,-563,420,0
66454,-556,447,0
66464,-345,426,0
66473,-319,403,0
66483,-575,437,0
66492,-32,355,0
66502,234,330,0
66511,-73,278,0
66521,-178,257,0
66530,-181,241,0
66540,-176,227,0
66549,-269,234,0
66559,28,192,0
66568,-14,155,0
66578,-341,192,0
66587,-201,193,0
66597,-69,167,0
66606,-496,232,0
66616,-817,348,0
66625,-294,336,0
66635,-782,424,0
66644,-300,399,0
66654,-262,371,0
66663,-274,350,0
66673,-40,288,0
66682,2,230,0
66692,103,204,0
66701,266,216,0
66711,0,172,0
66720,-214,179,0
66730,-78,158,0
66739,88,143,0
66749,45,123,0
66758,122,122,0
66768,-94,115,0
66777,-487,189,0
66787,-198,190,0
66796,-551,262,0
66806,-222,253,0
66816,-52,212,0
66825,-301,229,0
66835,-485,280,0
66844,-408,305,0
66854,-423,328,0
66863,-304,322,0
66873,13,259,0
66882,300,267,0
66892,56,224,0
66901,607,300,0
66911,59,251,0
66920,226,245,0
66930,30,202,0
66939,159,192,0
66949,322,217,0
66958,164,205,0
66968,139,191,0
66977,334,218,0
66987,-15,177,0
66996,-220,185,0
67006,451,238,0
67015,458,281,0
67025,261,276,0
67034,-26,225,0
67044,192,218,0
67053,227,219,0
67063,-74,189,0
67072,324,215,0
67082,56,183,0
67091,-64,158,0
67101,266,179,0
67110,-37,150,0
67120,-416,203,0
67129,-55,173,0
67139,63,150,0
67148,-107,141,0
67158,-148,141,0
67167,44,120,0
67177,143,124,0
67187,-13,101,0
67196,-388,157,0
67206,-4,125,0
67215,322,164,0
67225,2,131,0
67234,281,160,0
67244,279,183,0
67253,275,201,0
67263,33,166,0
67272,150,162,0
67282,289,186,0
67291,327,213,0
67301,277,225,0
67310,617,303,0
67320,245,291,0
67329,87,249,0
67339,240,247,0
67348,154,227,0
67358,215,224,0
67367,57,190,0
67377,184,188,0
67386,11,152,0
67396,30,127,0
67405,107,122,0
67415,158,128,0
67424,569,215,0
67434,72,186,0
67443,249,197,0
67453,-44,165,0
67462,-19,135,0
67472,283,164,0
67481,-120,155,0
67491,342,192,0
67500,442,241,0
67510,149,221,0
67519,144,204,0
67529,349,232,0
67538,347,254,0
67548,113,225,0
67557,400,260,0
67567,322,272,0
67577,8,218,0
67586,117,197,0
67596,116,180,0
67605,-42,152,0
67615,126,146,0
67624,159,147,0
67634,80,133,0
67643,23,110,0
67653,182,124,0
67662,139,126,0
67672,140,128,0
67681,397,181,0
67691,395,223,0
67700,393,256,0
67710,201,244,0
67719,133,221,0
67729,418,259,0
67738,-48,216,0
67748,-61,184,0
67757,277,202,0
67767,375,236,0
67776,-18,191,0
67786,-149,181,0
67795,51,154,0
67805,-45,132,0
67814,-108,126,0
67824,438,187,0
67833,229,194,0
67843,-130,181,0
67852,188,181,0
67862,397,223,0
67871,121,202,0
67881,646,290,0
67890,368,305,0
67900,564,356,0
67909,-102,304,0
67919,350,313,0
67928,-125,275,0
67938,-44,228,0
67947,186,219,0
67957,315,238,0
67967,-88,207,0
67976,318,228,0
67986,388,259,0
67995,-11,209,0
68005,95,186,0
68014,120,172,0
68024,251,187,0
68033,343,217,0
68043,95,192,0
68052,92,171,0
68062,421,220,0
68071,22,180,0
68081,307,205,0
68090,507,265,0
68100,94,230,0
68109,-56,195,0
68119,206,197,0
68128,-197,196,0
68138,-390,234,0
68147,-22,191,0
68157,178,187,0
68166,113,171,0
68176,-307,197,0
68185,-9,158,0
68195,197,165,0
68204,-35,139,0
68214,81,127,0
68223,450,191,0
68233,429,237,0
68242,198,228,0
68252,-98,201,0
68261,-93,178,0
68271,-38,149,0
68280,-517,222,0
68290,197,216,0
68299,230,218,0
68309,-125,199,0
68318,77,174,0
68328,302,199,0
68338,182,195,0
68347,43,164,0
68357,-141,159,0
68366,13,129,0
68376,-473,197,0
68385,-168,190,0
68395,-113,174,0
68404,-268,192,0
68414,51,163,0
68423,50,140,0
68433,-140,140,0
68442,-119,135,0
68452,-202,148,0
68461,-260,170,0
68471,-218,179,0
68480,-36,150,0
68490,52,130,0
68499,-76,119,0
68509,56,106,0
68518,-286,141,0
68528,303,172,0
68537,-204,177,0
68547,107,162,0
68556,-13,131,0
68566,-276,159,0
68575,275,182,0
68585,-152,175,0
68594,-181,176,0
68604,81,156,0
68613,-245,173,0
68623,-305,199,0
68632,-185,196,0
68642,-218,199,0
68651,-196,198,0
68661,-181,194,0
68670,67,168,0
68680,-1,134,0
68689,181,143,0
68699,198,153,0
68709,-244,170,0
68718,-360,208,0
68728,-86,183,0
68737,0,146,0
68747,38,123,0
68756,-66,111,0
68766,-71,102,0
68775,-136,108,0
68785,-269,139,0
68794,-113,133,0
68804,-80,122,0
68813,-37,104,0
68823,145,112,0
68832,408,170,0
68842,81,152,0
68851,404,201,0
68861,181,196,0
68870,-19,159,0
68880,-154,157,0
68889,176,160,0
68899,-78,143,0
68908,-61,126,0
68918,-96,119,0
68927,36,102,0
68937,417,164,0
68946,18,134,0
68956,207,148,0
68965,191,156,0
68975,-353,194,0
68984,66,168,0
68994,-148,163,0
69003,46,139,0
69013,67,124,0
69022,200,139,0
69032,-19,114,0
69041,75,106,0
69051,242,132,0
69060,54,115,0
69070,25,97,0
69079,312,139,0
69089,-123,135,0
69099,-214,150,0
69108,193,158,0
69118,-187,163,0
69127,-234,176,0
69137,-108,161,0
69146,-25,133,0
69156,33,112,0
69165,-185,126,0
69175,-284,156,0
69184,117,147,0
69194,-13,119,0
69203,233,141,0
69213,161,144,0
69222,-105,136,0
69232,391,186,0
69241,215,191,0
69251,85,169,0
69260,372,209,0
69270,444,255,0
69279,325,269,0
69289,91,233,0
69298,22,190,0
69308,185,189,0
69317,284,207,0
69327,336,232,0
69336,422,269,0
69346,199,254,0
69355,24,207,0
69365,-38,172,0
69374,112,159,0
69384,107,148,0
69393,-51,128,0
69403,207,143,0
69412,-380,190,0
69422,-114,174,0
69431,-47,148,0
69441,-428,203,0
69450,66,175,0
69460,-626,265,0
69470,-258,263,0
69479,189,247,0
69489,236,244,0
69498,-359,266,0
69508,114,234,0
69517,-64,199,0
69527,-303,219,0
69536,-117,198,0
69546,-276,213,0
69555,147,199,0
69565,-303,219,0
69574,-101,195,0
69584,169,189,0
69593,24,155,0
69603,183,160,0
69612,-239,175,0
69622,-85,157,0
69631,-146,154,0
69641,236,170,0
69650,344,204,0
69660,-265,216,0
69669,202,212,0
69679,440,257,0
69688,-110,227,0
69698,-37,188,0
69707,-66,163,0
69717,180,166,0
69726,95,151,0
69736,-67,133,0
69745,111,128,0
69755,78,117,0
69764,-112,115,0
69774,-277,147,0
69783,136,144,0
69793,-312,177,0
69802,3,141,0
69812,74,126,0
69821,253,150,0
69831,25,125,0
69841,176,135,0
69850,173,142,0
69860,-243,161,0
69869,-61,140,0
69879,-26,117,0
69888,278,148,0
69898,370,192,0
69907,116,176,0
69917,387,217,0
69926,145,202,0
69936,128,186,0
69945,279,203,0
69955,301,222,0
69964,197,216,0
69974,240,220,0
69983,174,210,0
69993,247,217,0
70002,361,245,0
70012,401,276,0
70021,-147,249,0
70031,-48,208,0
70040,-93,184,0
70050,37,154,0
70059,212,165,0
70069,22,136,0
70078,343,176,0
70088,219,183,0
70097,-184,182,0
70107,-113,167,0
70116,285,190,0
70126,67,165,0
70135,-15,135,0
70145,157,139,0
70154,-97,130,0
70164,369,177,0
70173,165,174,0
70183,-41,147,0
70192,-220,161,0
70202,-78,143,0
70211,-105,135,0
70221,209,149,0
70231,-110,141,0
70240,-365,185,0
70250,206,189,0
70259,-367,224,0
70269,-383,255,0
70278,342,272,0
70288,-153,247,0
70297,107,218,0
70307,440,262,0
70316,65,222,0
70326,178,212,0
70335,183,205,0
70345,-247,213,0
70354,314,232,0
70364,-29,190,0
70373,-166,185,0
70383,372,222,0
70392,298,236,0
70402,18,191,0
70411,-168,185,0
70421,250,198,0
70430,16,161,0
70440,-68,141,0
70449,106,133,0
70459,-144,134,0
70468,-45,116,0
70478,117,115,0
70487,-1,92,0
70497,-196,112,0
70506,-65,102,0
70516,-78,96,0
70525,-35,83,0
70535,-34,72,0
70544,-319,120,0
70554,-315,159,0
70563,484,223,0
70573,451,268,0
70582,158,245,0
70592,245,245,0
70602,-36,203,0
70611,-377,237,0
70621,304,249,0
70630,504,299,0
70640,437,326,0
70649,284,316,0
70659,-245,301,0
70668,266,293,0
70678,46,243,0
70687,-106,215,0
70697,308,233,0
70706,154,216,0
70716,-130,198,0
70725,-41,166,0
70735,253,182,0
70744,25,150,0
70754,-199,159,0
70763,55,138,0
70773,-247,159,0
70782,-105,148,0
70792,-86,135,0
70801,-207,149,0
70811,266,172,0
70820,2,137,0
70830,-226,154,0
70839,-104,143,0
70849,50,124,0
70858,-234,145,0
70868,-58,127,0
70877,2,101,0
70887,-96,99,0
70896,248,128,0
70906,-51,112,0
70915,-170,123,0
70925,120,122,0
70934,341,165,0
70944,359,203,0
70953,113,184,0
70963,-49,156,0
70973,73,138,0
70982,394,188,0
70992,260,202,0
71001,-155,192,0
71011,-198,192,0
71020,-49,162,0
71030,-190,167,0
71039,90,151,0
71049,-146,149,0
71058,84,135,0
71068,189,145,0
71077,228,161,0
71087,184,164,0
71096,-264,183,0
71106,-362,218,0
71115,159,205,0
71125,42,172,0
71134,-30,143,0
71144,432,200,0
71153,167,193,0
71163,60,166,0
71172,135,159,0
71182,-155,158,0
71191,-110,148,0
71201,-57,129,0
71210,-42,111,0
71220,-47,97,0
71229,13,79,0
71239,262,115,0
71248,264,144,0
71258,-57,126,0
71267,-128,125,0
71277,-393,178,0
71286,-361,214,0
71296,68,184,0
71305,361,219,0
71315,203,215,0
71324,-216,215,0
71334,93,190,0
71343,158,183,0
71353,-142,174,0
71363,-47,148,0
71372,23,122,0
71382,12,99,0
71391,-332,145,0
71401,141,144,0
71410,116,138,0
71420,-232,156,0
71429,-282,180,0
71439,1,144,0
71448,98,134,0
71458,-246,156,0
71467,-292,182,0
71477,-514,247,0
71486,-345,266,0
71496,-539,319,0
71505,-148,284,0
71515,-661,359,0
71524,-245,336,0
71534,-219,311,0
71543,-407,329,0
71553,83,279,0
71562,-57,234,0
71572,-394,265,0
71581,-472,306,0
71591,-303,304,0
71600,-563,355,0
71610,-258,335,0
71619,101,288,0
71629,-91,248,0
71638,-182,234,0
71648,-105,208,0
71657,-142,194,0
71667,-479,250,0
71676,-222,244,0
71686,-380,271,0
71695,-72,230,0
71705,-143,212,0
71714,-84,185,0
71724,170,182,0
71734,23,149,0
71743,208,160,0
71753,18,131,0
71762,-378,179,0
71772,-452,233,0
71781,-131,212,0
71791,-168,202,0
71800,50,171,0
71810,73,150,0
71819,-161,152,0
71829,-592,239,0
71838,-381,267,0
71848,-421,297,0
71857,257,288,0
71867,-174,264,0
71876,-335,278,0
71886,348,291,0
71895,280,288,0
71905,-87,247,0
71914,349,266,0
71924,-412,294,0
71933,-279,290,0
71943,-187,269,0
71952,49,224,0
71962,344,247,0
71971,400,277,0
71981,78,236,0
71990,123,212,0
72000,244,217,0
72009,66,186,0
72019,-78,163,0
72028,-79,145,0
72038,-212,158,0
72047,55,137,0
72057,70,123,0
72066,-116,121,0
72076,-103,116,0
72085,-32,98,0
72095,-415,161,0
72105,-162,160,0
72114,-403,208,0
72124,-84,182,0
72133,-79,160,0
72143,-292,186,0
72152,-570,262,0
72162,-167,242,0
72171,-392,271,0
72181,-294,274,0
72190,-68,232,0
72200,-457,276,0
72209,269,273,0
72219,275,273,0
72228,-68,231,0
72238,182,220,0
72247,-140,204,0
72257,24,167,0
72266,-30,139,0
72276,30,117,0
72285,369,166,0
72295,127,157,0
72304,-17,128,0
72314,-64,114,0
72323,-127,116,0
72333,-86,109,0
72342,-297,146,0
72352,112,138,0
72361,497,209,0
72371,68,180,0
72380,23,148,0
72390,-165,151,0
72399,-56,131,0
72409,56,115,0
72418,133,118,0
72428,230,140,0
72437,-99,131,0
72447,31,110,0
72456,-271,142,0
72466,254,163,0
72476,40,138,0
72485,-118,133,0
72495,72,120,0
72504,-38,103,0
72514,242,130,0
72523,56,115,0
72533,-124,116,0
72542,-427,177,0
72552,37,148,0
72561,-11,120,0
72571,229,141,0
72580,31,118,0
72590,30,100,0
72599,151,110,0
72609,-129,113,0
72618,197,129,0
72628,60,115,0
72637,55,103,0
72647,-29,87,0
72656,333,135,0
72666,279,163,0
72675,391,208,0
72685,347,235,0
72694,-176,223,0
72704,-339,245,0
72713,-53,206,0
72723,-98,183,0
72732,112,168,0
72742,-98,153,0
72751,124,146,0
72761,-510,218,0
72770,16,177,0
72780,121,165,0
72789,-131,158,0
72799,39,133,0
72808,206,147,0
72818,76,132,0
72827,125,130,0
72837,60,116,0
72846,163,124,0
72856,236,146,0
72866,172,150,0
72875,147,149,0
72885,306,180,0
72894,328,209,0
72904,212,209,0
72913,82,183,0
72923,3,146,0
72932,138,143,0
72942,-284,170,0
72951,-344,204,0
72961,-200,203,0
72970,-311,224,0
72980,-65,192,0
72989,-162,185,0
72999,-145,177,0
73008,477,236,0
73018,222,232,0
73027,-89,202,0
73037,77,176,0
73046,46,149,0
73056,-284,175,0
73065,-18,143,0
73075,52,124,0
73084,-108,120,0
73094,-199,135,0
73103,83,124,0
73113,348,168,0
73122,24,138,0
73132,213,152,0
73141,339,188,0
73151,143,178,0
73160,42,150,0
73170,275,175,0
73179,-50,150,0
73189,-231,166,0
73198,-155,163,0
73208,-130,156,0
73217,-413,206,0
73227,-120,188,0
73237,-65,163,0
73246,-726,275,0
73256,-384,296,0
73265,43,244,0
73275,286,252,0
73284,-23,205,0
73294,-424,248,0
73303,-23,202,0
73313,53,171,0
73322,72,150,0
73332,49,129,0
73341,-353,173,0
73351,-373,212,0
73360,-115,192,0
73370,-228,198,0
73379,57,169,0
73389,100,155,0
73398,21,128,0
73408,136,129,0
73417,53,113,0
73427,404,170,0
73436,359,207,0
73446,509,266,0
73455,204,252,0
73465,432,287,0
73474,251,279,0
73484,25,228,0
73493,40,190,0
73503,123,176,0
73512,-3,140,0
73522,101,132,0
73531,256,156,0
73541,296,183,0
73550,-133,172,0
73560,-186,174,0
73569,-63,151,0
73579,-94,138,0
73588,-253,160,0
73598,-55,139,0
73608,-240,159,0
73617,-336,194,0
73627,169,188,0
73636,44,158,0
73646,-250,176,0
73655,63,152,0
73665,-51,131,0
73674,-134,130,0
73684,-229,149,0
73693,-25,124,0
73703,-152,129,0
73712,230,149,0
73722,160,151,0
73731,-156,151,0
73741,26,125,0
73750,-156,131,0
73760,150,134,0
73769,51,117,0
73779,-129,118,0
73788,83,110,0
73798,128,113,0
73807,-208,131,0
73817,159,135,0
73826,70,122,0
73836,-332,163,0
73845,-6,131,0
73855,-295,163,0
73864,-511,232,0
73874,345,254,0
73883,45,212,0
73893,-289,226,0
73902,166,213,0
73912,189,207,0
73921,-245,214,0
73931,-53,181,0
73940,55,155,0
73950,84,140,0
73959,91,130,0
73969,16,107,0
73979,143,113,0
73988,-273,144,0
73998,110,137,0
74007,-114,131,0
74017,-77,119,0
74026,-176,130,0
74036,12,106,0
74045,-24,88,0
74055,-109,91,0
74064,-418,155,0
74074,-553,234,0
74083,-142,215,0
74093,-135,199,0
74102,-360,231,0
74112,-318,247,0
74121,-140,225,0
74131,14,182,0
74140,-256,196,0
74150,159,187,0
74159,-29,154,0
74169,215,166,0
74178,-38,139,0
74188,368,184,0
74197,92,165,0
74207,151,162,0
74216,360,201,0
74226,344,228,0
74235,324,246,0
74245,-99,215,0
74254,429,257,0
74264,214,247,0
74273,58,208,0
74283,413,248,0
74292,-107,219,0
74302,141,203,0
74311,88,179,0
74321,-306,204,0
74330,-348,232,0
74340,19,188,0
74350,12,152,0
74359,109,142,0
74369,12,115,0
74378,15,95,0
74388,34,82,0
74397,-194,103,0
74407,-161,114,0
74416,139,118,0
74426,-17,97,0
74435,111,99,0
74445,176,114,0
74454,193,129,0
74464,-203,143,0
74473,-43,122,0
74483,-34,103,0
74492,-297,141,0
74502,-191,150,0
74511,-160,152,0
74521,-51,131,0
74530,-272,158,0
74540,33,132,0
74549,-31,111,0
74559,-126,113,0
74568,-33,96,0
74578,-120,100,0
74587,-213,122,0
74597,-41,105,0
74606,237,131,0
74616,-10,106,0
74625,-355,155,0
74635,-379,199,0
74644,-271,213,0
74654,-71,184,0
74663,101,167,0
74673,-31,139,0
74682,353,181,0
74692,-6,145,0
74701,-19,119,0
74711,79,110,0
74720,44,96,0
74730,129,101,0
74740,162,112,0
74749,-82,105,0
74759,398,163,0
74768,364,202,0
74778,-173,195,0
74787,-262,208,0
74797,85,183,0
74806,4,146,0
74816,211,158,0
74825,-228,171,0
74835,-238,183,0
74844,-110,168,0
74854,-317,197,0
74863,-207,198,0
74873,-31,164,0
74882,-226,176,0
74892,-106,161,0
74901,-37,135,0
74911,143,136,0
74920,84,124,0
74930,149,128,0
74939,292,160,0
74949,264,180,0
74958,218,187,0
74968,160,181,0
74977,363,216,0
74987,229,217,0
74996,331,239,0
75006,225,236,0
75015,261,240,0
75025,187,229,0
75034,64,195,0
75044,-72,170,0
75053,-27,141,0
75063,79,127,0
75072,-59,112,0
75082,-134,115,0
75091,108,113,0
75101,77,105,0
75111,88,101,0
75120,-156,111,0
75130,42,96,0
75139,167,109,0
75149,88,104,0
75158,149,112,0
75168,4,89,0
75177,69,84,0
75187,-11,69,0
75196,319,118,0
75206,319,157,0
75215,199,164,0
75225,186,168,0
75234,25,139,0
75244,18,114,0
75253,345,160,0
75263,49,137,0
75272,52,119,0
75282,565,208,0
75291,194,204,0
75301,139,190,0
75310,-33,158,0
75320,141,154,0
75329,426,208,0
75339,191,204,0
75348,264,215,0
75358,128,197,0
75367,125,182,0
75377,648,274,0
75386,222,263,0
75396,96,229,0
75405,21,187,0
75415,112,171,0
75424,325,201,0
75434,131,186,0
75443,90,166,0
75453,143,160,0
75462,-287,185,0
75472,-75,163,0
75482,5,131,0
75491,-371,178,0
75501,252,192,0
75510,-167,186,0
75520,-154,178,0
75529,-117,165,0
75539,-256,183,0
75548,-102,166,0
75558,202,172,0
75567,-89,154,0
75577,-202,163,0
75586,-154,160,0
75596,80,144,0
75605,129,140,0
75615,180,148,0
75624,65,131,0
75634,94,122,0
75643,5,98,0
75653,290,136,0
75662,-131,134,0
75672,309,168,0
75681,387,211,0
75691,315,231,0
75700,315,247,0
75710,177,232,0
75719,228,230,0
75729,88,201,0
75738,149,189,0
75748,102,171,0
75757,147,165,0
75767,-75,147,0
75776,65,130,0
75786,-223,148,0
75795,-39,125,0
75805,317,163,0
75814,-374,204,0
75824,-180,199,0
75833,146,188,0
75843,-30,156,0
75853,52,134,0
75862,25,112,0
75872,56,100,0
75881,97,99,0
75891,-173,113,0
75900,-192,128,0
75910,-251,152,0
75919,-129,146,0
75929,-130,142,0
75938,118,136,0
75948,293,166,0
75957,-190,170,0
75967,-471,230,0
75976,193,222,0
75986,168,210,0
75995,51,178,0
76005,342,210,0
76014,106,189,0
76024,-78,166,0
76033,690,270,0
76043,30,222,0
76052,113,199,0
76062,68,172,0
76071,259,188,0
76081,529,255,0
76090,528,309,0
76100,283,303,0
76109,201,282,0
76119,41,233,0
76128,198,225,0
76138,197,219,0
76147,278,230,0
76157,-239,231,0
76166,568,297,0
76176,-10,239,0
76185,-159,222,0
76195,507,278,0
76204,282,278,0
76214,-89,239,0
76223,-130,217,0
76233,164,205,0
76243,283,220,0
76252,49,185,0
76262,94,166,0
76271,175,167,0
76281,236,180,0
76290,142,172,0
76300,-126,162,0
76309,166,162,0
76319,335,196,0
76328,-2,156,0
76338,284,180,0
76347,372,218,0
76357,128,199,0
76366,287,216,0
76376,11,174,0
76385,-133,165,0
76395,77,147,0
76404,208,158,0
76414,88,143,0
76423,99,133,0
76433,2,106,0
76442,423,168,0
76452,-303,194,0
76461,-249,204,0
76471,102,183,0
76480,295,205,0
76490,151,194,0
76499,380,231,0
76509,32,190,0
76518,203,192,0
76528,-64,165,0
76537,78,147,0
76547,45,126,0
76556,38,107,0
76566,39,92,0
76575,164,105,0
76585,355,155,0
76594,415,207,0
76604,80,181,0
76614,125,169,0
76623,22,139,0
76633,-104,131,0
76642,-107,125,0
76652,-114,122,0
76661,216,140,0
76671,-129,137,0
76680,65,122,0
76690,-89,114,0
76699,129,116,0
76709,62,104,0
76718,-62,95,0
76728,-105,97,0
76737,-308,138,0
76747,41,118,0
76756,-109,115,0
76766,-502,192,0
76775,-369,226,0
76785,-49,189,0
76794,-70,165,0
76804,-53,142,0
76813,-40,121,0
76823,-137,123,0
76832,113,120,0
76842,-219,139,0
76851,82,127,0
76861,-412,183,0
76870,-29,151,0
76880,-326,185,0
76889,-42,156,0
76899,56,135,0
76908,287,165,0
76918,-330,198,0
76927,-312,220,0
76937,327,241,0
76946,-412,274,0
76956,-319,282,0
76965,-183,261,0
76975,-628,333,0
76984,-526,371,0
76994,-245,345,0
77004,-459,367,0
77013,137,320,0
77023,292,314,0
77032,74,265,0
77042,97,231,0
77051,272,238,0
77061,-155,221,0
77070,-118,199,0
77080,-247,208,0
77089,298,225,0
77099,-87,197,0
77108,41,165,0
77118,358,203,0
77127,50,172,0
77137,-206,178,0
77146,-564,254,0
77156,-225,248,0
77165,-151,228,0
77175,-110,204,0
77184,10,165,0
77194,-46,141,0
77203,30,118,0
77213,-110,116,0
77222,-511,194,0
77232,-68,168,0
77241,188,171,0
77251,31,142,0
77260,380,189,0
77270,-99,170,0
77279,-60,148,0
77289,-13,120,0
77298,-172,130,0
77308,-11,106,0
77317,-232,130,0
77327,107,125,0
77336,-99,119,0
77346,-192,133,0
77355,182,142,0
77365,-194,151,0
77375,-323,184,0
77384,-347,216,0
77394,-601,292,0
77403,84,249,0
77413,-84,215,0
77422,-85,189,0
77432,-108,172,0
77441,-49,146,0
77451,-42,124,0
77460,-157,130,0
77470,-320,168,0
77479,-164,166,0
77489,-79,147,0
77498,-24,121,0
77508,-173,130,0
77517,-498,203,0
77527,-213,204,0
77536,96,182,0
77546,69,158,0
77555,-449,215,0
77565,-106,193,0
77574,40,162,0
77584,-4,129,0
77593,92,121,0
77603,379,171,0
77612,143,164,0
77622,254,181,0
77631,-291,202,0
77641,-1,161,0
77650,-146,157,0
77660,-513,227,0
77669,145,210,0
77679,-367,241,0
77688,-291,250,0
77698,150,230,0
77707,-262,236,0
77717,-88,205,0
77726,18,167,0
77736,-252,183,0
77746,-94,164,0
77755,44,139,0
77765,185,148,0
77774,-337,185,0
77784,-67,161,0
77793,-228,173,0
77803,-80,154,0
77812,-325,188,0
77822,-97,169,0
77831,-310,197,0
77841,-236,204,0
77850,115,186,0
77860,168,181,0
77869,151,174,0
77879,-189,176,0
77888,-166,173,0
77898,-319,201,0
77907,-251,210,0
77917,184,204,0
77926,29,168,0
77936,70,148,0
77945,81,134,0
77955,-163,139,0
77964,-536,218,0
77974,-271,228,0
77983,-729,327,0
77993,-43,269,0
78002,-332,281,0
78012,-382,300,0
78021,13,242,0
78031,-119,216,0
78040,-204,212,0
78050,-214,211,0
78059,-284,224,0
78069,-68,192,0
78078,-171,187,0
78088,-348,218,0
78097,-6,175,0
78107,-103,160,0
78117,15,131,0
78126,50,114,0
78136,-342,159,0
78145,-252,177,0
78155,53,151,0
78164,-35,127,0
78174,339,168,0
78183,41,142,0
78193,34,119,0
78202,-46,104,0
78212,-349,152,0
78221,-113,143,0
78231,39,121,0
78240,-173,130,0
78250,-140,132,0
78259,162,137,0
78269,145,138,0
78278,152,140,0
78288,-80,128,0
78297,86,119,0
78307,-80,111,0
78316,192,126,0
78326,447,189,0
78335,196,190,0
78345,9,153,0
78354,116,145,0
78364,125,141,0
78373,-267,165,0
78383,-105,153,0
78392,-424,206,0
78402,32,170,0
78411,-350,206,0
78421,11,166,0
78430,136,159,0
78440,127,152,0
78449,-367,194,0
78459,-233,201,0
78468,-225,205,0
78478,0,164,0
78487,336,198,0
78497,-117,181,0
78507,107,165,0
78516,468,225,0
78526,467,273,0
78535,182,254,0
78545,269,256,0
78554,239,251,0
78564,259,251,0
78573,297,259,0
78583,173,241,0
78592,38,199,0
78602,275,214,0
78611,341,239,0
78621,79,206,0
78630,324,228,0
78640,-125,207,0
78649,-142,193,0
78659,-55,165,0
78668,-72,146,0
78678,52,126,0
78687,165,133,0
78697,-47,115,0
78706,-2,92,0
78716,-341,141,0
78725,250,162,0
78735,412,211,0
78744,39,175,0
78754,388,217,0
78763,300,233,0
78773,534,292,0
78782,-94,251,0
78792,354,270,0
78801,282,272,0
78811,236,264,0
78820,110,233,0
78830,297,245,0
78839,261,248,0
78849,509,299,0
78858,72,253,0
78868,-104,222,0
78878,46,186,0
78887,173,182,0
78897,-53,155,0
78906,113,146,0
78916,-233,162,0
78925,-357,200,0
78935,-125,185,0
78944,-204,188,0
78954,-130,176,0
78963,-227,185,0
78973,230,194,0
78982,-373,229,0
78992,-263,235,0
79001,122,212,0
79011,147,198,0
79020,572,272,0
79030,103,237,0
79039,-69,202,0
79049,-40,169,0
79058,-399,214,0
79068,594,289,0
79077,565,344,0
79087,-195,314,0
79096,181,287,0
79106,64,241,0
79115,7,193,0
79125,206,195,0
79134,116,179,0
79144,411,225,0
79153,32,186,0
79163,-92,166,0
79172,-3,132,0
79182,81,121,0
79191,130,122,0
79201,-302,157,0
79210,-196,164,0
79220,-381,207,0
79229,-367,238,0
79239,338,257,0
79249,-73,219,0
79258,-464,267,0
79268,0,213,0
79277,-48,179,0
79287,-131,169,0
79296,-56,146,0
79306,-167,149,0
79315,-136,146,0
79325,2,116,0
79334,103,112,0
79344,-277,144,0
79353,-17,118,0
79363,-256,145,0
79372,-32,122,0
79382,94,115,0
79391,-206,133,0
79401,-148,135,0
79410,-41,116,0
79420,23,96,0
79429,-73,90,0
79439,-292,130,0
79448,115,127,0
79458,-31,107,0
79467,-44,93,0
79477,276,129,0
79486,290,161,0
79496,186,165,0
79505,581,248,0
79515,134,224,0
79524,75,194,0
79534,498,254,0
79543,113,225,0
79553,-111,202,0
79562,27,166,0
79572,144,160,0
79581,-244,176,0
79591,191,178,0
79600,106,163,0
79610,163,162,0
79619,-73,143,0
79629,119,137,0
79639,-295,168,0
79648,-95,153,0
79658,23,126,0
79667,-281,156,0
79677,-131,150,0
79686,-80,136,0
79696,12,110,0
79705,223,132,0
79715,-514,207,0
79724,-79,180,0
79734,237,191,0
79743,-6,153,0
79753,420,206,0
79762,125,189,0
79772,-55,162,0
79781,295,188,0
79791,301,210,0
79800,-80,184,0
79810,428,232,0
79819,297,244,0
79829,-38,202,0
79838,102,181,0
79848,135,171,0
79857,228,181,0
79867,80,160,0
79876,-108,149,0
79886,68,132,0
79895,-182,141,0
79905,-325,177,0
79914,-83,157,0
79924,-16,128,0
79933,252,152,0
79943,178,156,0
79952,105,145,0
79962,-23,120,0
79971,71,110,0
79981,-373,162,0
79990,180,165,0
80000,139,159,0
80010,-11,129,0
80019,169,136,0
80029,38,115,0
80038,-318,155,0
80048,175,159,0
80057,-43,135,0
80067,109,129,0
80076,128,128,0
80086,177,137,0
80095,486,206,0
80105,473,258,0
80114,-137,233,0
80124,-206,227,0
80133,-114,203,0
80143,-57,173,0
80152,-120,162,0
80162,-11,131,0
80171,-110,126,0
80181,-159,131,0
80190,-208,145,0
80200,-608,237,0
80209,-494,287,0
80219,-359,300,0
80228,-319,303,0
80238,-493,340,0
80247,-20,276,0
80257,-117,243,0
80266,-270,248,0
80276,197,237,0
80285,-49,198,0
80295,-374,232,0
80304,259,236,0
80314,205,229,0
80323,11,185,0
80333,-33,154,0
80342,-62,135,0
80352,76,123,0
80361,-78,113,0
80371,-209,131,0
80381,-75,119,0
80390,-274,149,0
80400,-154,149,0
80409,12,121,0
80419,-582,212,0
80428,-73,183,0
80438,-180,182,0
80447,-301,205,0
80457,-141,192,0
80466,-190,191,0
80476,-263,204,0
80485,-391,241,0
80495,106,213,0
80504,-70,184,0
80514,32,153,0
80523,365,195,0
80533,-70,170,0
80542,366,209,0
80552,72,181,0
80561,-78,159,0
80571,146,156,0
80580,-320,188,0
80590,-32,156,0
80599,258,175,0
80609,60,152,0
80618,217,164,0
80628,329,196,0
80637,163,188,0
80647,126,175,0
80656,97,159,0
80666,488,224,0
80675,225,224,0
80685,-102,199,0
80694,138,186,0
80704,-194,186,0
80713,22,152,0
80723,195,160,0
80732,148,157,0
80742,213,167,0
80752,-50,143,0
80761,-221,158,0
80771,298,185,0
80780,296,207,0
80790,-27,170,0
80799,95,155,0
80809,50,134,0
80818,391,185,0
80828,723,292,0
80837,-644,361,0
80847,-66,301,0
80856,-141,268,0
80866,-168,247,0
80875,-353,267,0
80885,-403,293,0
80894,-162,266,0
80904,416,295,0
80913,17,239,0
80923,126,216,0
80932,63,184,0
80942,-227,192,0
80951,-93,171,0
80961,-242,184,0
80970,145,176,0
80980,-19,143,0
80989,-210,156,0
80999,43,132,0
81008,46,114,0
81018,157,122,0
81027,48,106,0
81037,211,126,0
81046,-248,149,0
81056,99,138,0
81065,-81,126,0
81075,253,150,0
81084,-18,123,0
81094,158,129,0
81103,251,153,0
81113,-364,194,0
81122,-42,163,0
81132,186,167,0
81142,-16,136,0
81151,56,119,0
81161,31,101,0
81170,78,95,0
81180,241,124,0
81189,-214,141,0
81199,153,142,0
81208,18,116,0
81218,267,145,0
81227,9,117,0
81237,-133,119,0
81246,31,101,0
81256,-159,111,0
81265,131,114,0
81275,142,119,0
81284,89,112,0
81294,40,97,0
81303,85,94,0
81313,14,77,0
81322,101,81,0
81332,610,186,0
81341,406,229,0
81351,-42,191,0
81360,262,204,0
81370,350,233,0
81379,260,238,0
81389,62,202,0
81398,81,177,0
81408,496,240,0
81417,167,225,0
81427,-129,205,0
81436,353,234,0
81446,-168,220,0
81455,-413,258,0
81465,387,283,0
81474,-556,337,0
81484,-179,304,0
81493,425,328,0
81503,80,278,0
81513,247,271,0
81522,135,243,0
81532,28,199,0
81541,29,164,0
81551,-105,152,0
81560,165,154,0
81570,74,137,0
81579,205,150,0
81589,375,195,0
81598,39,163,0
81608,30,136,0
81617,179,143,0
81627,82,130,0
81636,331,170,0
81646,193,174,0
81655,68,152,0
81665,413,203,0
81674,-103,182,0
81684,89,162,0
81693,-165,162,0
81703,-240,177,0
81712,-274,195,0
81722,-174,190,0
81731,226,197,0
81741,-65,170,0
81750,-350,206,0
81760,-116,187,0
81769,50,159,0
81779,165,160,0
81788,-119,151,0
81798,-72,134,0
81807,-67,120,0
81817,123,120,0
81826,194,134,0
81836,347,176,0
81845,-96,159,0
81855,332,193,0
81864,324,218,0
81874,230,220,0
81883,270,230,0
81893,188,221,0
81903,209,217,0
81912,325,238,0
81922,261,242,0
81931,245,242,0
81941,-8,194,0
81950,228,200,0
81960,-49,169,0
81969,177,170,0
81979,-175,171,0
81988,-146,165,0
81998,198,171,0
82007,-26,141,0
82017,216,155,0
82026,304,184,0
82036,-195,186,0
82045,-70,162,0
82055,-203,169,0
82064,-353,205,0
82074,122,188,0
82083,-8,151,0
82093,118,143,0
82102,165,147,0
82112,-5,118,0
82121,25,99,0
82131,118,102,0
82140,31,87,0
82150,210,111,0
82159,-283,144,0
82169,-33,121,0
82178,-40,104,0
82188,40,91,0
82197,119,95,0
82207,48,85,0
82216,405,149,0
82226,274,173,0
82235,-47,147,0
82245,91,135,0
82254,38,115,0
82264,-8,93,0
82274,18,77,0
82283,-50,71,0
82293,40,64,0
82302,85,68,0
82312,-117,77,0
82321,253,111,0
82331,317,151,0
82340,-76,135,0
82350,194,146,0
82359,5,117,0
82369,-301,153,0
82378,-25,127,0
82388,-58,112,0
82397,-143,117,0
82407,-202,133,0
82416,-314,168,0
82426,-518,237,0
82435,-547,298,0
82445,63,250,0
82454,-91,218,0
82464,-346,243,0
82473,-50,204,0
82483,-57,174,0
82492,-68,152,0
82502,174,155,0
82511,-208,165,0
82521,-74,146,0
82530,142,144,0
82540,-138,142,0
82549,78,128,0
82559,27,107,0
82568,-81,101,0
82578,-162,112,0
82587,44,97,0
82597,103,97,0
82606,84,93,0
82616,149,103,0
82625,20,86,0
82635,3,68,0
82645,-519,157,0
82654,-316,188,0
82664,79,165,0
82673,70,146,0
82683,-178,151,0
82692,-7,121,0
82702,-128,121,0
82711,-213,138,0
82721,-649,239,0
82730,-87,208,0
82740,485,263,0
82749,-403,290,0
82759,189,269,0
82768,188,252,0
82778,-298,260,0
82787,-194,246,0
82797,-113,218,0
82806,-316,237,0
82816,-528,294,0
82825,-205,276,0
82835,-485,317,0
82844,-418,336,0
82854,-5,269,0
82863,-372,289,0
82873,-238,278,0
82882,-38,229,0
82892,-503,283,0
82901,-276,281,0
82911,-122,248,0
82920,182,234,0
82930,91,205,0
82939,406,245,0
82949,-376,271,0
82958,-356,287,0
82968,-144,257,0
82977,-391,283,0
82987,-307,287,0
82996,-363,301,0
83006,98,259,0
83015,-314,269,0
83025,-134,241,0
83035,-247,241,0
83044,-513,294,0
83054,15,238,0
83063,-95,209,0
83073,-262,219,0
83082,-140,203,0
83092,-271,216,0
83101,94,190,0
83111,59,163,0
83120,-357,201,0
83130,-97,179,0
83139,-156,174,0
83149,-489,236,0
83158,-466,281,0
83168,2,224,0
83177,-190,217,0
83187,-63,185,0
83196,-176,183,0
83206,-143,174,0
83215,-102,159,0
83225,-685,264,0
83234,-121,235,0
83244,93,206,0
83253,-437,251,0
83263,133,226,0
83272,-305,241,0
83282,-581,308,0
83291,-336,313,0
83301,-472,344,0
83310,-115,298,0
83320,-466,331,0
83329,-237,311,0
83339,-119,271,0
83348,-44,224,0
83358,-179,214,0
83367,77,186,0
83377,-125,173,0
83386,-66,151,0
83396,28,125,0
83406,0,100,0
83415,-172,114,0
83425,-53,101,0
83434,-226,125,0
83444,-286,157,0
83453,-180,161,0
83463,-69,141,0
83472,-144,140,0
83482,-275,167,0
83491,12,135,0
83501,-142,136,0
83510,-361,180,0
83520,-75,159,0
83529,-264,179,0
83539,-4,143,0
83548,52,124,0
83558,-214,141,0
83567,-78,127,0
83577,-41,109,0
83586,-42,95,0
83596,-167,109,0
83605,17,90,0
83615,-377,147,0
83624,-399,196,0
83634,-497,255,0
83643,-170,238,0
83653,-471,284,0
83662,-156,258,0
83672,348,275,0
83681,194,258,0
83691,-140,234,0
83700,-315,250,0
83710,-85,217,0
83719,-190,211,0
83729,144,196,0
83738,149,185,0
83748,-217,191,0
83757,92,170,0
83767,301,196,0
83777,213,198,0
83786,21,162,0
83796,130,155,0
83805,29,129,0
83815,-69,116,0
83824,189,129,0
83834,-251,153,0
83843,-151,152,0
83853,351,191,0
83862,-148,181,0
83872,28,149,0
83881,-188,156,0
83891,64,136,0
83900,63,120,0
83910,114,118,0
83919,199,133,0
83929,300,166,0
83938,-209,173,0
83948,-143,166,0
83957,-200,172,0
83967,-91,155,0
83976,-142,152,0
83986,-81,137,0
83995,41,117,0
84005,72,107,0
84014,-130,111,0
84024,-97,107,0
84033,195,124,0
84043,188,136,0
84052,55,119,0
84062,120,119,0
84071,355,166,0
84081,753,282,0
84090,447,314,0
84100,360,323,0
84109,270,312,0
84119,598,368,0
84128,85,311,0
84138,-17,251,0
84147,181,236,0
84157,376,263,0
84167,228,255,0
84176,500,304,0
84186,317,306,0
84195,-426,329,0
84205,414,345,0
84214,5,277,0
84224,-21,225,0
84233,101,200,0
84243,-55,171,0
84252,-74,150,0
84262,106,141,0
84271,147,141,0
84281,98,131,0
84290,-248,153,0
84300,801,282,0
84309,390,303,0
84319,280,298,0
84328,440,326,0
84338,175,295,0
84347,86,253,0
84357,-84,218,0
84366,594,292,0
84376,429,318,0
84385,166,287,0
84395,-72,243,0
84404,322,258,0
84414,-157,237,0
84423,27,194,0
84433,278,210,0
84442,224,212,0
84452,116,192,0
84461,193,191,0
84471,414,234,0
84480,201,227,0
84490,285,238,0
84499,271,244,0
84509,399,274,0
84518,133,245,0
84528,328,261,0
84538,644,336,0
84547,-133,294,0
84557,-342,303,0
84566,-98,261,0
84576,340,276,0
84585,-181,256,0
84595,43,212,0
84604,140,197,0
84614,-110,179,0
84623,-181,179,0
84633,71,157,0
84642,202,165,0
84652,-267,185,0
84661,492,246,0
84671,649,325,0
84680,-84,276,0
84690,168,253,0
84699,165,235,0
84709,60,200,0
84718,9,161,0
84728,464,220,0
84737,223,220,0
84747,681,312,0
84756,235,296,0
84766,55,247,0
84775,-253,247,0
84785,-1,197,0
84794,203,197,0
84804,1,157,0
84813,-175,160,0
84823,749,277,0
84832,-388,298,0
84842,57,249,0
84851,348,268,0
84861,364,286,0
84870,296,287,0
84880,924,413,0
84889,127,355,0
84899,206,325,0
84908,12,262,0
84918,217,252,0
84928,151,231,0
84937,-249,233,0
84947,260,238,0
84956,188,227,0
84966,133,207,0
84975,-119,188,0
84985,-184,186,0
84994,88,165,0
85004,-186,169,0
85013,84,151,0
85023,69,133,0
85032,-221,150,0
85042,150,150,0
85051,201,160,0
85061,-240,176,0
85070,315,203,0
85080,271,216,0
85089,157,203,0
85099,262,214,0
85108,102,191,0
85118,221,196,0
85127,-308,217,0
85137,333,239,0
85146,247,240,0
85156,-66,205,0
85165,240,212,0
85175,-131,195,0
85184,251,206,0
85194,133,190,0
85203,46,161,0
85213,107,149,0
85222,-11,121,0
85232,-226,141,0
85241,-34,118,0
85251,170,128,0
85260,507,203,0
85270,364,234,0
85279,42,195,0
85289,-346,225,0
85299,253,230,0
85308,135,211,0
85318,-97,187,0
85327,203,189,0
85337,-244,199,0
85346,-48,168,0
85356,-45,143,0
85365,-104,134,0
85375,-201,147,0
85384,-339,184,0
85394,-257,198,0
85403,-7,159,0
85413,-106,148,0
85422,-113,140,0
85432,175,147,0
85441,-45,126,0
85451,-316,163,0
85460,361,202,0
85470,-112,183,0
85479,-457,237,0
85489,-190,227,0
85498,-23,185,0
85508,-216,191,0
85517,-46,161,0
85527,-99,147,0
85536,-42,125,0
85546,-327,165,0
85555,126,157,0
85565,-292,183,0
85574,-380,222,0
85584,-198,216,0
85593,-209,213,0
85603,8,171,0
85612,-286,193,0
85622,-518,257,0
85631,-89,222,0
85641,107,198,0
85650,-237,205,0
85660,140,192,0
85670,235,200,0
85679,-424,244,0
85689,176,230,0
85698,-356,255,0
85708,15,207,0
85717,8,166,0
85727,103,152,0
85736,-179,156,0
85746,31,130,0
85755,142,132,0
85765,-196,144,0
85774,-145,144,0
85784,-570,229,0
85793,-21,187,0
85803,-206,190,0
85812,145,181,0
85822,164,176,0
85831,-36,147,0
85841,-107,138,0
85850,-232,156,0
85860,75,139,0
85869,208,152,0
85879,-311,183,0
85888,-179,181,0
85898,81,160,0
85907,-123,152,0
85917,367,194,0
85926,309,216,0
85936,409,253,0
85945,62,214,0
85955,-340,239,0
85964,17,194,0
85974,112,177,0
85983,89,158,0
85993,26,131,0
86002,325,169,0
86012,81,151,0
86021,262,172,0
86031,216,180,0
86041,-17,147,0
86050,199,156,0
86060,310,186,0
86069,-117,171,0
86079,-20,140,0
86088,138,139,0
86098,-4,111,0
86107,-365,161,0
86117,4,128,0
86126,-250,152,0
86136,-226,166,0
86145,-262,184,0
86155,-2,147,0
86164,200,157,0
86174,-131,151,0
86183,-102,140,0
86193,28,117,0
86202,-50,103,0
86212,-269,135,0
86221,266,161,0
86231,-315,191,0
86240,-61,164,0
86250,-26,136,0
86259,-297,167,0
86269,-229,178,0
86278,316,205,0
86288,-19,167,0
86297,-204,173,0
86307,-158,169,0
86316,-159,166,0
86326,-210,174,0
86335,-492,237,0
86345,-273,243,0
86354,-41,202,0
86364,-618,284,0
86373,29,232,0
86383,-309,246,0
86392,-205,237,0
86402,232,235,0
86411,100,208,0
86421,43,174,0
86431,182,175,0
86440,-22,144,0
86450,-151,145,0
86459,-64,128,0
86469,200,142,0
86478,289,170,0
86488,241,184,0
86497,-42,155,0
86507,-33,130,0
86516,-394,182,0
86526,145,174,0
86535,-105,160,0
86545,-252,178,0
86554,-354,212,0
86564,-216,212,0
86573,-114,191,0
86583,-427,237,0
86592,-278,244,0
86602,129,220,0
86611,38,183,0
86621,-258,197,0
86630,-336,224,0
86640,-352,249,0
86649,97,218,0
86659,-233,220,0
86668,-247,225,0
86678,68,193,0
86687,73,168,0
86697,-451,224,0
86706,-754,329,0
86716,305,324,0
86725,159,290,0
86735,-73,246,0
86744,-332,262,0
86754,-12,211,0
86763,202,208,0
86773,232,212,0
86782,-137,196,0
86792,-130,182,0
86802,-189,182,0
86811,207,186,0
86821,-128,173,0
86830,424,222,0
86840,195,216,0
86849,206,213,0
86859,-303,230,0
86868,-291,242,0
86878,22,197,0
86887,-180,193,0
86897,40,162,0
86906,121,153,0
86916,90,140,0
86925,-106,133,0
86935,-153,136,0
86944,-598,227,0
86954,-57,192,0
86963,-332,219,0
86973,-488,272,0
86982,-43,225,0
86992,245,229,0
87001,-272,237,0
87011,-206,230,0
87020,-128,209,0
87030,-155,198,0
87039,-130,184,0
87049,-229,192,0
87058,296,212,0
87068,138,196,0
87077,-380,232,0
87087,-212,227,0
87096,-202,221,0
87106,-354,246,0
87115,3,196,0
87125,-357,227,0
87134,386,258,0
87144,-773,360,0
87153,286,345,0
87163,592,394,0
87173,183,351,0
87182,-39,287,0
87192,663,361,0
87201,21,292,0
87211,-35,240,0
87220,527,297,0
87230,-89,254,0
87239,7,204,0
87249,-139,190,0
87258,73,166,0
87268,308,193,0
87277,-115,177,0
87287,-30,147,0
87296,-139,144,0
87306,-208,156,0
87315,-392,202,0
87325,185,198,0
87334,48,167,0
87344,-150,163,0
87353,-199,169,0
87363,53,145,0
87372,-181,152,0
87382,13,123,0
87391,208,139,0
87401,84,127,0
87410,75,116,0
87420,-117,115,0
87429,-10,94,0
87439,44,83,0
87448,-396,145,0
87458,-82,132,0
87467,408,186,0
87477,41,156,0
87486,-3,124,0
87496,1179,334,0
87505,-2,267,0
87515,-1055,424,0
87524,-127,364,0
87534,395,370,0
87543,-234,342,0
87553,-300,333,0
87563,319,329,0
87572,27,268,0
87582,-445,303,0
87591,237,289,0
87601,241,279,0
87610,243,271,0
87620,15,219,0
87629,74,189,0
87639,217,194,0
87648,-96,174,0
87658,-99,158,0
87667,109,147,0
87677,-213,159,0
87686,194,165,0
87696,213,174,0
87705,-198,178,0
87715,156,173,0
87724,257,189,0
87734,-178,186,0
87743,-133,174,0
87753,-84,155,0
87762,234,170,0
87772,252,186,0
87781,148,177,0
87791,-70,155,0
87800,288,181,0
87810,234,190,0
87819,22,156,0
87829,-38,131,0
87838,-71,118,0
87848,65,107,0
87857,86,102,0
87867,-154,111,0
87876,-13,90,0
87886,255,123,0
87895,79,113,0
87905,96,109,0
87914,735,234,0
87924,379,262,0
87934,61,221,0
87943,74,190,0
87953,755,303,0
87962,485,339,0
87972,-37,278,0
87981,603,342,0
87991,239,320,0
88000,345,325,0
88010,-108,281,0
88019,156,255,0
88029,49,213,0
88038,-105,191,0
88048,227,197,0
88057,343,225,0
88067,51,190,0
88076,-329,217,0
88086,-257,224,0
88095,112,201,0
88105,153,190,0
88114,-217,195,0
88124,362,228,0
88133,-139,209,0
88143,-94,185,0
88152,-233,194,0
88162,-51,165,0
88171,-358,203,0
88181,-116,185,0
88190,118,171,0
88200,-302,196,0
88209,13,158,0
88219,142,154,0
88228,-198,162,0
88238,82,145,0
88247,101,136,0
88257,156,139,0
88266,95,130,0
88276,-115,127,0
88285,143,129,0
88295,126,128,0
88305,161,134,0
88314,-129,132,0
88324,273,159,0
88333,-264,179,0
88343,-474,237,0
88352,276,244,0
88362,-49,204,0
88371,-204,203,0
88381,-60,174,0
88390,158,170,0
88400,-94,154,0
88409,214,165,0
88419,112,154,0
88428,-76,138,0
88438,146,139,0
88447,-88,128,0
88457,-51,112,0
88466,-54,99,0
88476,252,129,0
88485,150,133,0
88495,131,132,0
88504,-83,121,0
88514,325,161,0
88523,-240,176,0
88533,-376,215,0
88542,151,202,0
88552,152,191,0
88561,319,215,0
88571,-30,178,0
88580,102,162,0
88590,1,129,0
88599,188,140,0
88609,67,125,0
88618,230,146,0
88628,530,222,0
88637,117,200,0
88647,324,224,0
88656,664,311,0
88666,508,349,0
88675,489,376,0
88685,556,411,0
88695,379,403,0
88704,435,409,0
88714,432,413,0
88723,451,420,0
88733,626,461,0
88742,764,520,0
88752,-245,465,0
88761,248,421,0
88771,520,440,0
88780,209,393,0
88790,67,327,0
88799,196,300,0
88809,487,337,0
88818,270,323,0
88828,126,283,0
88837,-176,261,0
88847,244,256,0
88856,-17,207,0
88866,3,165,0
88875,356,203,0
88885,-117,185,0
88894,-178,183,0
88904,576,261,0
88913,3,208,0
88923,-303,226,0
88932,38,187,0
88942,193,187,0
88951,-95,168,0
88961,79,149,0
88970,172,153,0
88980,-170,156,0
88989,-41,132,0
88999,-370,179,0
89008,179,178,0
89018,274,196,0
89027,626,281,0
89037,-157,255,0
89046,89,221,0
89056,392,254,0
89066,-95,222,0
89075,91,195,0
89085,124,180,0
89094,143,172,0
89104,306,198,0
89113,212,200,0
89123,280,216,0
89132,30,178,0
89142,251,192,0
89151,-98,172,0
89161,-161,169,0
89170,-112,157,0
89180,136,152,0
89189,313,183,0
89199,-254,196,0
89208,377,231,0
89218,-232,230,0
89227,-74,198,0
89237,-41,166,0
89246,87,149,0
89256,-131,145,0
89265,-78,131,0
89275,116,127,0
89284,-170,135,0
89294,-105,129,0
89303,-90,121,0
89313,102,116,0
89322,273,146,0
89332,189,153,0
89341,-23,126,0
89351,-64,112,0
89360,28,94,0
89370,5,76,0
89379,332,126,0
89389,210,142,0
89398,28,118,0
89408,167,127,0
89417,-19,104,0
89427,-12,85,0
89437,512,170,0
89446,349,205,0
89456,395,243,0
89465,549,303,0
89475,310,304,0
89484,168,276,0
89494,125,245,0
89503,-121,220,0
89513,-22,180,0
89522,-19,147,0
89532,-192,155,0
89541,-95,143,0
89551,-68,127,0
89560,-43,109,0
89570,-304,147,0
89579,-312,179,0
89589,107,164,0
89598,-389,208,0
89608,-19,169,0
89617,47,144,0
89627,18,118,0
89636,-44,102,0
89646,-587,198,0
89655,57,169,0
89665,-125,160,0
89674,-390,206,0
89684,331,230,0
89693,-258,235,0
89703,-240,236,0
89712,195,227,0
89722,-27,186,0
89731,-96,167,0
89741,-181,169,0
89750,-172,169,0
89760,-259,186,0
89769,-303,208,0
89779,36,173,0
89788,365,211,0
89798,-208,209,0
89807,-218,210,0
89817,109,189,0
89827,-249,200,0
89836,-45,169,0
89846,-196,174,0
89855,4,139,0
89865,27,116,0
89874,-171,126,0
89884,315,163,0
89893,145,159,0
89903,-743,275,0
89912,412,302,0
89922,-18,244,0
89931,-157,226,0
89941,-200,220,0
89950,303,236,0
89960,-546,297,0
89969,-43,245,0
89979,-308,257,0
89988,-124,229,0
89998,-327,248,0
90007,-209,239,0
90017,116,214,0
90026,-144,199,0
90036,-23,163,0
90045,-174,164,0
90055,-679,266,0
90064,-373,286,0
90074,-105,249,0
90083,-102,219,0
90093,112,197,0
90102,323,221,0
90112,-126,201,0
90121,42,168,0
90131,-388,211,0
90140,-164,200,0
90150,-113,182,0
90159,-280,201,0
90169,-152,190,0
90178,-201,192,0
90188,-117,176,0
90198,-12,142,0
90207,-387,190,0
90217,-183,188,0
90226,125,175,0
90236,-101,160,0
90245,253,178,0
90255,61,154,0
90264,374,197,0
90274,396,236,0
90283,6,189,0
90293,101,171,0
90302,138,163,0
90312,-26,135,0
90321,210,150,0
90331,-185,157,0
90340,189,162,0
90350,-135,156,0
90359,-242,172,0
90369,-324,201,0
90378,-464,252,0
90388,-367,274,0
90397,-399,298,0
90407,-123,262,0
90416,-318,272,0
90426,-392,295,0
90435,155,267,0
90445,-437,300,0
90454,-156,271,0
90464,-169,249,0
90473,93,217,0
90483,118,196,0
90492,81,172,0
90502,82,153,0
90511,-244,170,0
90521,-118,159,0
90530,-3,127,0
90540,-100,121,0
90549,62,108,0
90559,-320,150,0
90568,113,142,0
90578,-131,139,0
90588,87,128,0
90597,174,136,0
90607,331,174,0
90616,-374,213,0
90626,-126,195,0
90635,214,198,0
90645,-33,164,0
90654,241,179,0
90664,-12,145,0
90673,-305,177,0
90683,106,162,0
90692,-412,211,0
90702,160,200,0
90711,9,161,0
90721,90,146,0
90730,-122,140,0
90740,84,128,0
90749,-294,160,0
90759,-120,152,0
90768,-87,138,0
90778,57,121,0
90787,168,129,0
90797,57,114,0
90806,-253,141,0
90816,298,171,0
90825,-75,151,0
90835,-44,128,0
90844,246,151,0
90854,-93,138,0
90863,149,139,0
90873,-23,115,0
90882,-34,98,0
90892,-35,85,0
90901,-240,116,0
90911,7,93,0
90920,42,82,0
90930,-94,83,0
90939,-297,125,0
90949,230,146,0
90959,436,203,0
90968,-274,216,0
90978,-120,196,0
90987,12,158,0
90997,-278,181,0
91006,-286,201,0
91016,105,181,0
91025,-73,158,0
91035,-180,162,0
91044,-137,156,0
91054,-180,160,0
91063,-15,131,0
91073,-142,132,0
91082,-129,130,0
91092,61,116,0
91101,-83,108,0
91111,109,107,0
91120,106,106,0
91130,-150,114,0
91139,-61,103,0
91149,-232,128,0
91158,-264,154,0
91168,-96,142,0
91177,-461,205,0
91187,-450,254,0
91196,-31,209,0
91206,-188,204,0
91215,60,175,0
91225,-194,178,0
91234,-199,181,0
91244,-306,205,0
91253,-144,192,0
91263,-215,196,0
91272,-429,241,0
91282,37,199,0
91291,16,162,0
91301,185,166,0
91310,-119,155,0
91320,65,137,0
91330,-51,119,0
91339,-506,196,0
91349,-7,157,0
91358,-18,128,0
91368,-51,112,0
91377,-168,122,0
91387,-189,134,0
91396,-136,134,0
91406,-71,121,0
91415,299,155,0
91425,-416,207,0
91434,16,168,0
91444,57,145,0
91453,-25,121,0
91463,-190,134,0
91472,180,143,0
91482,-2,114,0
91491,168,124,0
91501,-112,121,0
91510,-385,173,0
91520,-71,152,0
91529,-298,180,0
91539,-294,202,0
91548,-302,221,0
91558,-110,198,0
91567,-479,253,0
91577,-140,230,0
91586,-83,200,0
91596,-612,282,0
91605,-422,309,0
91615,-315,310,0
91624,-395,327,0
91634,178,296,0
91643,-314,298,0
91653,-588,355,0
91662,-95,303,0
91672,-20,246,0
91681,-121,220,0
91691,-466,269,0
91701,152,245,0
91710,35,203,0
91720,-387,239,0
91729,-285,248,0
91739,-331,264,0
91748,-129,236,0
91758,-80,204,0
91767,44,171,0
91777,241,184,0
91786,131,173,0
91796,-85,155,0
91805,17,127,0
91815,-53,111,0
91824,51,98,0
91834,18,81,0
91843,23,68,0
91853,104,74,0
91862,233,105,0
91872,0,84,0
91881,72,81,0
91891,-84,80,0
91900,-201,104,0
91910,-433,169,0
91919,-288,192,0
91929,-36,160,0
91938,-217,171,0
91948,42,144,0
91957,-346,184,0
91967,-234,193,0
91976,25,159,0
91986,-479,222,0
91995,-392,255,0
92005,-56,215,0
92014,-231,218,0
92024,-85,191,0
92033,-34,158,0
92043,256,177,0
92052,0,141,0
92062,300,172,0
92071,94,155,0
92081,303,184,0
92091,143,175,0
92100,424,224,0
92110,663,311,0
92119,247,297,0
92129,485,334,0
92138,-23,271,0
92148,97,235,0
92157,276,243,0
92167,18,197,0
92176,95,176,0
92186,12,142,0
92195,-294,171,0
92205,-132,162,0
92214,88,146,0
92224,65,129,0
92233,126,128,0
92243,-210,144,0
92252,-306,176,0
92262,185,177,0
92271,390,219,0
92281,82,191,0
92290,-72,166,0
92300,20,136,0
92309,113,130,0
92319,286,161,0
92328,462,220,0
92338,5,177,0
92347,200,181,0
92357,369,217,0
92366,231,219,0
92376,121,199,0
92385,192,197,0
92395,419,240,0
92404,200,232,0
92414,11,187,0
92423,220,193,0
92433,106,175,0
92442,-80,156,0
92452,162,156,0
92462,287,181,0
92471,-36,151,0
92481,196,159,0
92490,253,177,0
92500,1,141,0
92509,144,140,0
92519,149,141,0
92528,112,134,0
92538,461,199,0
92547,280,215,0
92557,196,211,0
92566,247,217,0
92576,41,181,0
92585,356,215,0
92595,90,190,0
92604,-206,193,0
92614,687,291,0
92623,-302,292,0
92633,-490,331,0
92642,162,296,0
92652,-108,257,0
92661,-223,249,0
92671,282,255,0
92680,160,236,0
92690,-246,237,0
92699,325,254,0
92709,-216,246,0
92718,-340,264,0
92728,-304,271,0
92737,-172,250,0
92747,-145,229,0
92756,37,190,0
92766,-475,247,0
92775,131,223,0
92785,398,257,0
92794,-133,231,0
92804,-126,209,0
92813,236,214,0
92823,-71,185,0
92832,53,158,0
92842,322,190,0
92852,102,172,0
92861,127,162,0
92871,90,147,0
92880,-68,130,0
92890,240,152,0
92899,-251,171,0
92909,-229,181,0
92918,-39,151,0
92928,-56,131,0
92937,-303,164,0
92947,214,173,0
92956,-455,229,0
92966,41,191,0
92975,232,198,0
92985,-325,223,0
92994,-137,205,0
93004,-388,241,0
93013,-580,308,0
93023,-199,285,0
93032,-16,231,0
93042,-61,196,0
93051,161,188,0
93061,232,196,0
93070,-361,228,0
93080,-315,245,0
93089,-157,227,0
93099,245,230,0
93108,-392,262,0
93118,-216,252,0
93127,181,237,0
93137,186,226,0
93146,165,213,0
93156,36,177,0
93165,-342,209,0
93175,-32,173,0
93184,-67,151,0
93194,51,130,0
93203,100,124,0
93213,117,122,0
93223,244,145,0
93232,182,152,0
93242,195,160,0
93251,46,137,0
93261,189,146,0
93270,584,232,0
93280,303,245,0
93289,669,329,0
93299,579,378,0
93308,238,349,0
93318,578,394,0
93327,231,361,0
93337,173,322,0
93346,104,277,0
93356,341,289,0
93365,-98,250,0
93375,-93,218,0
93384,-122,198,0
93394,-241,206,0
93403,234,210,0
93413,-373,242,0
93422,-151,223,0
93432,-182,214,0
93441,-221,215,0
93451,0,172,0
93460,-132,163,0
93470,166,163,0
93479,-110,152,0
93489,-335,188,0
93498,-313,212,0
93508,282,225,0
93517,-253,230,0
93527,182,220,0
93536,307,237,0
93546,157,220,0
93555,216,219,0
93565,118,198,0
93574,35,165,0
93584,80,148,0
93593,75,133,0
93603,130,132,0
93613,267,158,0
93622,-114,148,0
93632,194,156,0
93641,287,181,0
93651,-102,164,0
93660,72,145,0
93670,-24,120,0
93679,-203,136,0
93689,-411,190,0
93698,-138,179,0
93708,-97,162,0
93717,-210,171,0
93727,-224,180,0
93736,101,164,0
93746,-27,136,0
93755,-286,165,0
93765,127,157,0
93774,0,125,0
93784,-18,103,0
93793,146,111,0
93803,-228,133,0
93812,93,124,0
93822,-329,164,0
93831,28,136,0
93841,-382,184,0
93850,219,190,0
93860,-96,171,0
93869,20,140,0
93879,-174,146,0
93888,246,165,0
93898,-9,133,0
93907,-4,106,0
93917,374,158,0
93926,-223,170,0
93936,-105,157,0
93945,361,197,0
93955,-132,183,0
93964,-1,146,0
93974,407,197,0
93984,-81,173,0
93993,403,218,0
94003,228,219,0
94012,70,189,0
94022,163,183,0
94031,84,162,0
94041,395,208,0
94050,63,178,0
94060,250,192,0
94069,336,220,0
94079,66,189,0
94088,-120,175,0
94098,480,236,0
94107,307,249,0
94117,289,256,0
94126,171,238,0
94136,156,221,0
94145,55,187,0
94155,332,215,0
94164,188,209,0
94174,73,181,0
94183,-127,169,0
94193,-284,191,0
94202,-86,169,0
94212,98,154,0
94221,1,123,0
94231,-137,125,0
94240,-412,182,0
94250,-427,230,0
94259,-328,249,0
94269,165,232,0
94278,172,219,0
94288,-132,201,0
94297,-47,169,0
94307,-224,179,0
94316,-132,169,0
94326,-399,214,0
94335,-397,250,0
94345,-107,221,0
94355,-92,194,0
94364,-395,234,0
94374,228,232,0
94383,30,191,0
94393,39,159,0
94402,-53,137,0
94412,3,109,0
94421,-171,121,0
94431,-60,108,0
94440,-77,101,0
94450,-234,126,0
94459,107,121,0
94469,378,171,0
94478,-133,162,0
94488,161,161,0
94497,-269,181,0
94507,-65,157,0
94516,479,220,0
94526,418,259,0
94535,-38,214,0
94545,-87,188,0
94554,-188,187,0
94564,-301,209,0
94573,-95,186,0
94583,215,191,0
94592,201,192,0
94602,235,200,0
94611,-154,190,0
94621,42,160,0
94630,17,131,0
94640,-275,159,0
94649,-61,139,0
94659,-60,123,0
94668,30,104,0
94678,73,97,0
94687,22,81,0
94697,-6,65,0
94706,-135,79,0
94716,139,90,0
94725,-153,102,0
94735,-2,81,0
94745,220,108,0
94754,-119,109,0
94764,91,105,0
94773,140,112,0
94783,-32,95,0
94792,-77,91,0
94802,-30,78,0
94811,170,96,0
94821,137,103,0
94830,344,150,0
94840,34,126,0
94849,-282,156,0
94859,155,155,0
94868,-183,160,0
94878,-16,131,0
94887,-11,106,0
94897,197,123,0
94906,278,153,0
94916,88,139,0
94925,23,115,0
94935,-221,136,0
94944,124,132,0
94954,-102,125,0
94963,56,111,0
94973,259,139,0
94982,397,190,0
94992,99,171,0
95001,-295,195,0
95011,-149,185,0
95020,235,195,0
95030,221,200,0
95039,-166,193,0
95049,-209,195,0
95058,208,197,0
95068,-17,160,0
95077,57,139,0
95087,-201,151,0
95096,-75,135,0
95106,55,119,0
95116,90,113,0
95125,19,93,0
95135,148,103,0
95144,329,147,0
95154,187,154,0
95163,-293,181,0
95173,-355,215,0
95182,376,247,0
95192,298,256,0
95201,-7,205,0
95211,23,168,0
95220,212,176,0
95230,-55,151,0
95239,-32,126,0
95249,-35,107,0
95258,-86,102,0
95268,28,86,0
95277,481,164,0
95287,20,135,0
95296,-56,119,0
95306,-273,149,0
95315,-29,124,0
95325,143,127,0
95334,-149,130,0
95344,-374,178,0
95353,-24,146,0
95363,210,158,0
95372,-109,147,0
95382,41,125,0
95391,74,114,0
95401,-124,115,0
95410,-139,119,0
95420,157,126,0
95429,180,136,0
95439,85,125,0
95448,404,180,0
95458,-66,157,0
95467,202,165,0
95477,-137,159,0
95487,139,154,0
95496,88,140,0
95506,-34,118,0
95515,142,122,0
95525,131,123,0
95534,370,172,0
95544,104,157,0
95553,507,226,0
95563,212,222,0
95572,152,207,0
95582,649,294,0
95591,135,262,0
95601,490,307,0
95610,141,273,0
95620,302,278,0
95629,272,276,0
95639,-165,253,0
95648,11,204,0
95658,-185,200,0
95667,-144,188,0
95677,-311,212,0
95686,18,172,0
95696,257,188,0
95705,83,166,0
95715,-425,217,0
95724,111,195,0
95734,36,163,0
95743,-182,166,0
95753,168,165,0
95762,285,189,0
95772,49,160,0
95781,46,137,0
95791,107,130,0
95800,-79,119,0
95810,-98,114,0
95819,-81,107,0
95829,-264,137,0
95838,-80,125,0
95848,98,119,0
95857,49,104,0
95867,172,117,0
95877,-400,173,0
95886,-410,220,0
95896,-65,189,0
95905,-288,208,0
95915,-104,186,0
95924,-59,159,0
95934,357,198,0
95943,219,201,0
95953,169,193,0
95962,270,208,0
95972,132,192,0
95981,209,194,0
95991,-92,173,0
96000,292,196,0
96010,90,174,0
96019,-212,181,0
96029,115,167,0
96038,-149,162,0
96048,137,156,0
96057,218,167,0
96067,-263,185,0
96076,-57,159,0
96086,-192,165,0
96095,-43,140,0
96105,25,117,0
96114,-33,99,0
96124,63,91,0
96133,146,101,0
96143,67,93,0
96152,406,155,0
96162,113,146,0
96171,66,129,0
96181,95,122,0
96190,-1,97,0
96200,-88,94,0
96209,-129,100,0
96219,-78,95,0
96228,-321,140,0
96238,-271,166,0
96248,-421,216,0
96257,-594,290,0
96267,-233,278,0
96276,-211,264,0
96286,-21,215,0
96295,-214,214,0
96305,343,239,0
96314,-2,191,0
96324,-29,157,0
96333,343,193,0
96343,285,211,0
96352,321,232,0
96362,357,256,0
96371,259,255,0
96381,-78,219,0
96390,-231,221,0
96400,34,182,0
96409,325,210,0
96419,-6,169,0
96428,248,184,0
96438,214,189,0
96447,274,205,0
96457,82,180,0
96466,85,161,0
96476,160,160,0
96485,297,187,0
96495,31,155,0
96504,142,152,0
96514,443,209,0
96523,-121,191,0
96533,-130,178,0
96542,748,291,0
96552,20,236,0
96561,95,207,0
96571,58,176,0
96580,-156,171,0
96590,114,158,0
96599,15,129,0
96609,122,127,0
96619,341,169,0
96628,47,144,0
96638,-63,127,0
96647,53,111,0
96657,-219,131,0
96666,562,216,0
96676,179,207,0
96685,60,177,0
96695,329,206,0
96704,-44,172,0
96714,-211,179,0
96723,-157,174,0
96733,7,140,0
96742,52,122,0
96752,-62,109,0
96761,44,95,0
96771,49,85,0
96780,298,127,0
96790,-205,142,0
96799,-233,159,0
96809,74,141,0
96818,-82,128,0
96828,-161,134,0
96837,5,108,0
96847,30,92,0
96856,121,97,0
96866,-3,77,0
96875,19,64,0
96885,346,120,0
96894,16,99,0
96904,-74,93,0
96913,148,103,0
96923,-164,114,0
96932,114,113,0
96942,199,129,0
96951,-45,112,0
96961,79,104,0
96970,-375,158,0
96980,-117,149,0
96990,-154,149,0
96999,-139,146,0
97009,-348,185,0
97018,-352,218,0
97028,-110,196,0
97037,-353,226,0
97047,-373,254,0
97056,-333,269,0
97066,-101,235,0
97075,-134,214,0
97085,-273,225,0
97094,-59,191,0
97104,149,181,0
97113,92,162,0
97123,181,165,0
97132,-175,167,0
97142,-102,153,0
97151,-117,145,0
97161,-238,163,0
97170,101,150,0
97180,32,126,0
97189,-188,137,0
97199,116,132,0
97208,-278,160,0
97218,-252,178,0
97227,153,172,0
97237,-87,154,0
97246,-290,181,0
97256,-270,198,0
97265,-250,208,0
97275,-272,220,0
97284,53,186,0
97294,10,150,0
97303,-304,180,0
97313,-464,236,0
97322,-633,314,0
97332,-185,288,0
97341,-466,323,0
97351,-287,315,0
97361,-327,317,0
97370,52,263,0
97380,-338,277,0
97389,-246,270,0
97399,-292,274,0
97408,-484,315,0
97418,-1461,544,0
97427,-329,500,0
97437,-249,449,0
97446,-49,368,0
97456,87,311,0
97465,-83,264,0
97475,-216,254,0
97484,-58,214,0
97494,-201,211,0
97503,-79,183,0
97513,-120,170,0
97522,28,141,0
97532,-58,123,0
97541,-69,111,0
97551,-244,136,0
97560,-360,180,0
97570,25,149,0
97579,250,169,0
97589,96,154,0
97598,-106,144,0
97608,132,141,0
97617,101,132,0
